crop_group,crop,category,data_year,season,extent_ha,production_t,avg_yield_t_ha,dry_rainfall_mm_total,dry_pet_mm_total,dry_max_temp_c_avg,dry_min_temp_c_avg,dry_rh_morning_pct_avg,dry_rh_evening_pct_avg,dry_bsh_per_day_avg,dry_wind_speed_kmh_avg,intermediate_rainfall_mm_total,intermediate_pet_mm_total,intermediate_max_temp_c_avg,intermediate_min_temp_c_avg,intermediate_rh_morning_pct_avg,intermediate_rh_evening_pct_avg,intermediate_bsh_per_day_avg,intermediate_wind_speed_kmh_avg,wet_rainfall_mm_total,wet_pet_mm_total,wet_max_temp_c_avg,wet_min_temp_c_avg,wet_rh_morning_pct_avg,wet_rh_evening_pct_avg,wet_bsh_per_day_avg,wet_wind_speed_kmh_avg,source_report
ofc,Big onion,Other Field Crops,2016,Annual,3984.0,65223.0,16.37,1125.1,1088.1,32.73,23.59,82.83,60.33,7.88,5.84,1554.4,1099.7,31.56,23.34,81.08,66.5,7.39,6.12,2403.9,617.1,18.14,12.72,86.83,90.17,4.61,8.18,Agstat2018
ofc,Big onion,Other Field Crops,2016,Maha,689.0,7552.0,10.961,76.4,233.5,32.8,21.93,86.67,57.67,8.07,4.97,134.3,295.8,32.2,22.0,81.33,58.0,8.3,5.3,286.6,179.9,19.63,10.73,79.33,85.0,6.57,4.37,AgStat_2017
ofc,Big onion,Other Field Crops,2016,Yala,3295.0,57671.0,17.503,668.2,638.2,33.27,24.98,79.5,59.17,8.55,7.02,983.3,558.2,31.58,24.43,79.0,67.17,7.28,9.3,989.9,312.1,15.97,13.43,90.33,91.83,4.55,12.32,AgStat_2017
ofc,Big onion,Other Field Crops,2017,Annual,3026.0,53603.0,17.71,1507.0,1020.2,32.52,23.16,84.0,62.83,,,1689.0,1067.5,30.96,23.07,82.25,67.33,7.12,5.26,1930.3,708.9,20.12,12.33,80.92,85.08,4.88,8.24,AgStat2019
ofc,Big onion,Other Field Crops,2017,Maha,288.0,3226.0,11.2,788.8,427.2,31.43,21.6,87.17,62.67,6.37,4.37,850.8,511.4,30.83,21.8,83.83,67.5,7.33,4.26,1652.3,340.6,19.9,11.8,77.5,85.17,4.62,5.23,Agstat2018
ofc,Big onion,Other Field Crops,2017,Yala,2738.0,50377.0,18.4,589.8,605.6,33.72,24.45,80.17,59.0,,,783.6,558.5,31.47,24.2,81.17,68.17,7.1,6.23,636.5,353.5,20.53,13.1,85.0,86.5,4.78,10.47,Agstat2018
ofc,Big onion,Other Field Crops,2018,Annual,1448.0,28047.0,19.37,1624.3,1039.0,31.88,22.97,83.17,65.08,6.9,,2106.9,1005.5,30.78,22.28,82.83,67.33,7.07,5.62,2409.4,624.9,19.46,12.54,81.36,86.73,3.69,9.13,AgStat2019
ofc,Big onion,Other Field Crops,2018,Maha,274.0,2812.0,10.26,615.3,466.9,31.67,22.07,85.5,64.0,,,594.5,533.0,30.67,21.82,82.33,63.67,7.27,4.1,1122.1,344.5,19.52,12.13,79.83,85.0,4.62,6.48,AgStat2019
ofc,Big onion,Other Field Crops,2018,Yala,1174.0,25235.0,21.5,802.8,604.0,32.62,24.25,79.5,60.83,7.77,,1129.8,512.3,30.85,23.32,82.33,69.17,6.92,6.33,1358.3,282.8,19.38,13.18,86.4,89.6,3.35,12.68,AgStat2019
ofc,Big onion,Other Field Crops,2020,Annual,2305.0,43018.0,18.67,1181.1,1045.9,32.18,23.55,82.75,62.58,7.39,4.09,809.0,,31.12,22.92,82.5,67.42,7.39,4.83,1516.8,670.5,19.68,12.7,80.33,83.25,4.31,8.42,AgStat_2022
ofc,Big onion,Other Field Crops,2021,Annual,3929.0,65907.0,16.78,1416.8,1007.0,31.82,23.49,84.75,66.83,7.13,5.24,2449.6,,30.58,22.67,82.75,69.67,6.92,4.65,2033.8,626.7,,12.72,83.42,87.67,3.93,8.99,AgStat_2023
ofc,Big onion,Other Field Crops,2021,Maha,359.0,4427.0,12.33,590.1,443.8,30.98,22.47,87.67,70.83,6.55,4.88,471.1,,30.4,22.07,82.67,66.33,7.1,4.13,871.9,319.8,,12.1,78.83,86.0,3.73,7.0,AgStat_2022
ofc,Big onion,Other Field Crops,2021,Yala,3570.0,61480.0,17.22,451.6,590.1,32.78,24.62,80.5,61.5,7.93,6.12,1227.9,,30.73,23.52,82.33,72.5,7.07,5.22,927.3,321.5,,13.27,85.33,87.33,4.02,11.27,AgStat_2022
ofc,Big onion,Other Field Crops,2022,Annual,1440.0,17799.0,12.36,1436.3,959.5,31.7,23.1,85.58,64.75,7.03,5.17,2317.0,,30.52,22.3,83.33,68.75,6.6,4.92,1844.4,638.4,,12.52,87.33,88.92,3.98,9.32,AgStat_2024
ofc,Big onion,Other Field Crops,2022,Maha,49.0,635.0,13.01,1025.4,405.7,31.2,22.4,89.5,67.67,6.53,4.18,1039.8,,30.65,21.72,83.17,65.17,6.75,4.18,900.4,326.6,,12.07,83.83,85.17,4.67,6.37,AgStat_2023
ofc,Big onion,Other Field Crops,2022,Yala,1391.0,17164.0,12.34,677.1,551.6,32.32,24.23,81.5,62.5,7.7,6.32,1200.1,,30.58,23.3,82.83,71.83,6.75,6.22,1074.9,290.3,,13.2,87.67,90.0,3.57,12.35,AgStat_2023
ofc,Big onion,Root & Tubers,2023,Annual,341.0,5084.0,14.91,1758.5,1040.2,32.23,23.45,84.75,65.17,6.94,5.4,2439.3,731.5,31.1,22.39,82.08,68.5,6.89,4.48,2396.4,647.7,20.13,13.15,89.33,90.75,4.29,7.99,AgStat_2025_ver_3_1
ofc,Big onion,Other Field Crops,2023,Maha,39.0,329.0,8.46,924.3,402.6,30.65,21.12,89.83,69.0,6.1,4.17,1274.6,,30.03,21.05,84.5,67.67,6.2,3.48,939.2,326.4,19.37,11.97,91.83,93.0,3.9,6.63,AgStat_2024
ofc,Big onion,Other Field Crops,2023,Yala,302.0,4755.0,15.74,287.5,637.7,33.53,24.98,79.33,58.67,7.95,,905.6,532.3,31.6,23.3,80.0,68.5,7.32,5.65,720.8,364.2,20.43,13.62,88.5,89.17,4.93,10.22,AgStat_2024
ofc,Big onion,Root & Tubers,2024,Annual,495.0,8828.0,17.82,1549.9,1008.8,32.21,23.91,85.17,64.42,6.9,,2111.4,868.9,31.43,22.56,81.42,66.08,7.09,4.09,2021.0,730.4,20.71,13.28,91.67,91.67,4.77,8.82,AgStat_2025_ver_3_1
ofc,Big onion,Root & Tubers,2024,Maha,25.0,257.0,10.33,1322.5,428.7,31.02,22.83,89.0,69.0,6.13,,1504.8,494.2,31.38,21.78,82.67,64.5,7.17,3.15,1857.4,328.8,20.62,12.8,92.0,93.83,4.53,5.68,AgStat_2025_ver_3_1
ofc,Big onion,Root & Tubers,2024,Yala,471.0,8572.0,18.22,553.2,581.9,33.32,25.2,81.67,63.17,7.4,,974.5,495.3,31.62,23.52,81.17,70.0,6.72,4.95,813.0,345.9,20.87,13.97,91.0,91.0,4.13,11.67,AgStat_2025_ver_3_1
ofc,Blackgram,Other Field Crops,2016,Annual,11159.0,11197.0,1.0,1125.1,1088.1,32.73,23.59,82.83,60.33,7.88,5.84,1554.4,1099.7,31.56,23.34,81.08,66.5,7.39,6.12,2403.9,617.1,18.14,12.72,86.83,90.17,4.61,8.18,Agstat2018
ofc,Blackgram,Other Field Crops,2016,Maha,9267.0,8999.0,0.971,76.4,233.5,32.8,21.93,86.67,57.67,8.07,4.97,134.3,295.8,32.2,22.0,81.33,58.0,8.3,5.3,286.6,179.9,19.63,10.73,79.33,85.0,6.57,4.37,AgStat_2017
ofc,Blackgram,Other Field Crops,2016,Yala,1892.0,2198.0,1.162,668.2,638.2,33.27,24.98,79.5,59.17,8.55,7.02,983.3,558.2,31.58,24.43,79.0,67.17,7.28,9.3,989.9,312.1,15.97,13.43,90.33,91.83,4.55,12.32,AgStat_2017
ofc,Blackgram,Other Field Crops,2017,Annual,8089.0,7329.0,0.91,1507.0,1020.2,32.52,23.16,84.0,62.83,,,1689.0,1067.5,30.96,23.07,82.25,67.33,7.12,5.26,1930.3,708.9,20.12,12.33,80.92,85.08,4.88,8.24,AgStat2019
ofc,Blackgram,Other Field Crops,2017,Maha,6077.0,5247.0,0.86,788.8,427.2,31.43,21.6,87.17,62.67,6.37,4.37,850.8,511.4,30.83,21.8,83.83,67.5,7.33,4.26,1652.3,340.6,19.9,11.8,77.5,85.17,4.62,5.23,Agstat2018
ofc,Blackgram,Other Field Crops,2017,Yala,2012.0,2082.0,1.03,589.8,605.6,33.72,24.45,80.17,59.0,,,783.6,558.5,31.47,24.2,81.17,68.17,7.1,6.23,636.5,353.5,20.53,13.1,85.0,86.5,4.78,10.47,Agstat2018
ofc,Blackgram,Other Field Crops,2018,Annual,12976.0,11852.0,0.91,1624.3,1039.0,31.88,22.97,83.17,65.08,6.9,,2106.9,1005.5,30.78,22.28,82.83,67.33,7.07,5.62,2409.4,624.9,19.46,12.54,81.36,86.73,3.69,9.13,AgStat__vol_17___2020
ofc,Blackgram,Other Field Crops,2018,Maha,12213.0,11069.0,0.91,615.3,466.9,31.67,22.07,85.5,64.0,,,594.5,533.0,30.67,21.82,82.33,63.67,7.27,4.1,1122.1,344.5,19.52,12.13,79.83,85.0,4.62,6.48,AgStat2019
ofc,Blackgram,Other Field Crops,2018,Yala,763.0,783.0,1.03,802.8,604.0,32.62,24.25,79.5,60.83,7.77,,1129.8,512.3,30.85,23.32,82.33,69.17,6.92,6.33,1358.3,282.8,19.38,13.18,86.4,89.6,3.35,12.68,AgStat2019
ofc,Blackgram,Other Field Crops,2019,Annual,5302.0,4908.0,0.93,1819.8,1078.2,32.38,23.62,81.83,63.0,7.35,4.31,1678.1,298.6,30.76,22.4,82.08,67.92,7.42,4.92,1712.7,701.1,19.46,12.67,79.67,83.42,3.91,8.11,AgStat_2021
ofc,Blackgram,Other Field Crops,2019,Maha,4680.0,4176.0,0.89,759.4,450.7,31.28,21.9,87.67,71.5,7.22,5.5,926.5,502.1,30.93,21.17,84.17,66.67,7.7,4.4,839.9,347.5,19.55,11.82,75.33,82.83,3.88,5.38,AgStat__vol_17___2020
ofc,Blackgram,Other Field Crops,2019,Yala,622.0,732.0,1.18,622.0,612.7,33.32,24.87,78.17,58.17,7.78,4.36,604.5,,30.68,23.43,80.67,68.5,7.42,6.05,760.1,353.7,19.53,13.63,82.67,82.67,4.3,10.7,AgStat__vol_17___2020
ofc,Blackgram,Other Field Crops,2020,Annual,8812.0,9562.0,1.09,1181.1,1045.9,32.18,23.55,82.75,62.58,7.39,4.09,809.0,,31.12,22.92,82.5,67.42,7.39,4.83,1516.8,670.5,19.68,12.7,80.33,83.25,4.31,8.42,AgStat_2022
ofc,Blackgram,Other Field Crops,2020,Maha,6223.0,5665.0,0.91,1196.5,470.0,31.55,22.52,83.83,64.83,7.18,3.48,1180.1,,31.2,21.65,83.17,64.83,7.65,3.6,949.9,343.8,19.47,11.68,75.17,83.0,3.25,4.58,AgStat_2021
ofc,Blackgram,Other Field Crops,2020,Yala,2589.0,3897.0,1.51,699.4,551.3,32.67,24.58,81.33,62.83,7.37,3.78,434.0,,31.12,23.82,82.5,72.33,6.77,5.43,837.7,314.4,19.48,13.58,85.67,85.17,4.55,10.73,AgStat_2021
ofc,Blackgram,Other Field Crops,2021,Annual,13675.0,14404.0,1.05,1416.8,1007.0,31.82,23.49,84.75,66.83,7.13,5.24,2449.6,,30.58,22.67,82.75,69.67,6.92,4.65,2033.8,626.7,,12.72,83.42,87.67,3.93,8.99,AgStat_2023
ofc,Blackgram,Other Field Crops,2021,Maha,10536.0,10506.0,1.0,590.1,443.8,30.98,22.47,87.67,70.83,6.55,4.88,471.1,,30.4,22.07,82.67,66.33,7.1,4.13,871.9,319.8,,12.1,78.83,86.0,3.73,7.0,AgStat_2022
ofc,Blackgram,Other Field Crops,2021,Yala,3139.0,3898.0,1.24,451.6,590.1,32.78,24.62,80.5,61.5,7.93,6.12,1227.9,,30.73,23.52,82.33,72.5,7.07,5.22,927.3,321.5,,13.27,85.33,87.33,4.02,11.27,AgStat_2022
ofc,Blackgram,Other Field Crops,2022,Annual,10683.0,9920.0,0.93,1436.3,959.5,31.7,23.1,85.58,64.75,7.03,5.17,2317.0,,30.52,22.3,83.33,68.75,6.6,4.92,1844.4,638.4,,12.52,87.33,88.92,3.98,9.32,AgStat_2024
ofc,Blackgram,Other Field Crops,2022,Maha,8396.0,7288.0,0.87,1025.4,405.7,31.2,22.4,89.5,67.67,6.53,4.18,1039.8,,30.65,21.72,83.17,65.17,6.75,4.18,900.4,326.6,,12.07,83.83,85.17,4.67,6.37,AgStat_2023
ofc,Blackgram,Other Field Crops,2022,Yala,2287.0,2632.0,1.15,677.1,551.6,32.32,24.23,81.5,62.5,7.7,6.32,1200.1,,30.58,23.3,82.83,71.83,6.75,6.22,1074.9,290.3,,13.2,87.67,90.0,3.57,12.35,AgStat_2023
ofc,Blackgram,Other Field Crops,2023,Annual,10739.0,9783.0,0.91,1758.5,1040.2,32.23,23.45,84.75,65.17,6.94,5.4,2439.3,731.5,31.1,22.39,82.08,68.5,6.89,4.48,2396.4,647.7,20.13,13.15,89.33,90.75,4.29,7.99,AgStat_2025_ver_3_1
ofc,Blackgram,Other Field Crops,2023,Maha,9136.0,8346.0,0.91,924.3,402.6,30.65,21.12,89.83,69.0,6.1,4.17,1274.6,,30.03,21.05,84.5,67.67,6.2,3.48,939.2,326.4,19.37,11.97,91.83,93.0,3.9,6.63,AgStat_2024
ofc,Blackgram,Other Field Crops,2023,Yala,1603.0,1437.0,0.9,287.5,637.7,33.53,24.98,79.33,58.67,7.95,,905.6,532.3,31.6,23.3,80.0,68.5,7.32,5.65,720.8,364.2,20.43,13.62,88.5,89.17,4.93,10.22,AgStat_2024
ofc,Blackgram,Other Field Crops,2024,Annual,11076.0,10346.0,0.93,1549.9,1008.8,32.21,23.91,85.17,64.42,6.9,,2111.4,868.9,31.43,22.56,81.42,66.08,7.09,4.09,2021.0,730.4,20.71,13.28,91.67,91.67,4.77,8.82,AgStat_2025_ver_3_1
ofc,Blackgram,Other Field Crops,2024,Maha,9237.0,8518.0,0.92,1322.5,428.7,31.02,22.83,89.0,69.0,6.13,,1504.8,494.2,31.38,21.78,82.67,64.5,7.17,3.15,1857.4,328.8,20.62,12.8,92.0,93.83,4.53,5.68,AgStat_2025_ver_3_1
ofc,Blackgram,Other Field Crops,2024,Yala,1839.0,1828.0,0.99,553.2,581.9,33.32,25.2,81.67,63.17,7.4,,974.5,495.3,31.62,23.52,81.17,70.0,6.72,4.95,813.0,345.9,20.87,13.97,91.0,91.0,4.13,11.67,AgStat_2025_ver_3_1
ofc,Chillies,Other Field Crops,2016,Annual,15267.0,72311.0,4.736,1125.1,1088.1,32.73,23.59,82.83,60.33,7.88,5.84,1554.4,1099.7,31.56,23.34,81.08,66.5,7.39,6.12,2403.9,617.1,18.14,12.72,86.83,90.17,4.61,8.18,AgStat_2017
ofc,Chillies,Other Field Crops,2016,Maha,8218.0,50717.0,6.171,76.4,233.5,32.8,21.93,86.67,57.67,8.07,4.97,134.3,295.8,32.2,22.0,81.33,58.0,8.3,5.3,286.6,179.9,19.63,10.73,79.33,85.0,6.57,4.37,AgStat_2017
ofc,Chillies,Other Field Crops,2016,Yala,7049.0,21594.0,3.063,668.2,638.2,33.27,24.98,79.5,59.17,8.55,7.02,983.3,558.2,31.58,24.43,79.0,67.17,7.28,9.3,989.9,312.1,15.97,13.43,90.33,91.83,4.55,12.32,AgStat_2017
ofc,Chillies,Other Field Crops,2021,Annual,12301.0,68565.0,5.57,1416.8,1007.0,31.82,23.49,84.75,66.83,7.13,5.24,2449.6,,30.58,22.67,82.75,69.67,6.92,4.65,2033.8,626.7,,12.72,83.42,87.67,3.93,8.99,AgStat_2023
ofc,Chillies,Other Field Crops,2022,Annual,12095.0,63035.0,5.21,1436.3,959.5,31.7,23.1,85.58,64.75,7.03,5.17,2317.0,,30.52,22.3,83.33,68.75,6.6,4.92,1844.4,638.4,,12.52,87.33,88.92,3.98,9.32,AgStat_2024
ofc,Chillies,Other Field Crops,2022,Maha,6830.0,35718.0,5.23,1025.4,405.7,31.2,22.4,89.5,67.67,6.53,4.18,1039.8,,30.65,21.72,83.17,65.17,6.75,4.18,900.4,326.6,,12.07,83.83,85.17,4.67,6.37,AgStat_2023
ofc,Chillies,Other Field Crops,2022,Yala,5265.0,27316.0,5.19,677.1,551.6,32.32,24.23,81.5,62.5,7.7,6.32,1200.1,,30.58,23.3,82.83,71.83,6.75,6.22,1074.9,290.3,,13.2,87.67,90.0,3.57,12.35,AgStat_2023
ofc,Chillies,Other Field Crops,2023,Annual,12138.0,67397.0,5.55,1758.5,1040.2,32.23,23.45,84.75,65.17,6.94,5.4,2439.3,731.5,31.1,22.39,82.08,68.5,6.89,4.48,2396.4,647.7,20.13,13.15,89.33,90.75,4.29,7.99,AgStat_2025_ver_3_1
ofc,Chillies,Other Field Crops,2023,Maha,7386.0,42270.0,5.72,924.3,402.6,30.65,21.12,89.83,69.0,6.1,4.17,1274.6,,30.03,21.05,84.5,67.67,6.2,3.48,939.2,326.4,19.37,11.97,91.83,93.0,3.9,6.63,AgStat_2024
ofc,Chillies,Other Field Crops,2023,Yala,4752.0,25128.0,5.29,287.5,637.7,33.53,24.98,79.33,58.67,7.95,,905.6,532.3,31.6,23.3,80.0,68.5,7.32,5.65,720.8,364.2,20.43,13.62,88.5,89.17,4.93,10.22,AgStat_2024
ofc,Chillies,Other Field Crops,2024,Annual,12374.0,66637.0,5.39,1549.9,1008.8,32.21,23.91,85.17,64.42,6.9,,2111.4,868.9,31.43,22.56,81.42,66.08,7.09,4.09,2021.0,730.4,20.71,13.28,91.67,91.67,4.77,8.82,AgStat_2025_ver_3_1
ofc,Chillies,Other Field Crops,2024,Maha,7282.0,40438.0,5.55,1322.5,428.7,31.02,22.83,89.0,69.0,6.13,,1504.8,494.2,31.38,21.78,82.67,64.5,7.17,3.15,1857.4,328.8,20.62,12.8,92.0,93.83,4.53,5.68,AgStat_2025_ver_3_1
ofc,Chillies,Other Field Crops,2024,Yala,5093.0,26200.0,5.14,553.2,581.9,33.32,25.2,81.67,63.17,7.4,,974.5,495.3,31.62,23.52,81.17,70.0,6.72,4.95,813.0,345.9,20.87,13.97,91.0,91.0,4.13,11.67,AgStat_2025_ver_3_1
ofc,Cowpea,Other Field Crops,2016,Annual,8220.0,13740.0,1.67,1125.1,1088.1,32.73,23.59,82.83,60.33,7.88,5.84,1554.4,1099.7,31.56,23.34,81.08,66.5,7.39,6.12,2403.9,617.1,18.14,12.72,86.83,90.17,4.61,8.18,Agstat2018
ofc,Cowpea,Other Field Crops,2016,Maha,5285.0,8811.0,1.667,76.4,233.5,32.8,21.93,86.67,57.67,8.07,4.97,134.3,295.8,32.2,22.0,81.33,58.0,8.3,5.3,286.6,179.9,19.63,10.73,79.33,85.0,6.57,4.37,AgStat_2017
ofc,Cowpea,Other Field Crops,2016,Yala,2935.0,4929.0,1.679,668.2,638.2,33.27,24.98,79.5,59.17,8.55,7.02,983.3,558.2,31.58,24.43,79.0,67.17,7.28,9.3,989.9,312.1,15.97,13.43,90.33,91.83,4.55,12.32,AgStat_2017
ofc,Cowpea,Other Field Crops,2017,Annual,6807.0,8576.0,1.26,1507.0,1020.2,32.52,23.16,84.0,62.83,,,1689.0,1067.5,30.96,23.07,82.25,67.33,7.12,5.26,1930.3,708.9,20.12,12.33,80.92,85.08,4.88,8.24,AgStat2019
ofc,Cowpea,Other Field Crops,2017,Maha,4001.0,4937.0,1.23,788.8,427.2,31.43,21.6,87.17,62.67,6.37,4.37,850.8,511.4,30.83,21.8,83.83,67.5,7.33,4.26,1652.3,340.6,19.9,11.8,77.5,85.17,4.62,5.23,Agstat2018
ofc,Cowpea,Other Field Crops,2017,Yala,2806.0,3639.0,1.3,589.8,605.6,33.72,24.45,80.17,59.0,,,783.6,558.5,31.47,24.2,81.17,68.17,7.1,6.23,636.5,353.5,20.53,13.1,85.0,86.5,4.78,10.47,Agstat2018
ofc,Cowpea,Other Field Crops,2018,Annual,9499.0,11180.0,1.18,1624.3,1039.0,31.88,22.97,83.17,65.08,6.9,,2106.9,1005.5,30.78,22.28,82.83,67.33,7.07,5.62,2409.4,624.9,19.46,12.54,81.36,86.73,3.69,9.13,AgStat__vol_17___2020
ofc,Cowpea,Other Field Crops,2018,Maha,7044.0,7993.0,1.13,615.3,466.9,31.67,22.07,85.5,64.0,,,594.5,533.0,30.67,21.82,82.33,63.67,7.27,4.1,1122.1,344.5,19.52,12.13,79.83,85.0,4.62,6.48,AgStat2019
ofc,Cowpea,Other Field Crops,2018,Yala,2455.0,3187.0,1.3,802.8,604.0,32.62,24.25,79.5,60.83,7.77,,1129.8,512.3,30.85,23.32,82.33,69.17,6.92,6.33,1358.3,282.8,19.38,13.18,86.4,89.6,3.35,12.68,AgStat2019
ofc,Cowpea,Other Field Crops,2019,Annual,7196.0,8067.0,1.12,1819.8,1078.2,32.38,23.62,81.83,63.0,7.35,4.31,1678.1,298.6,30.76,22.4,82.08,67.92,7.42,4.92,1712.7,701.1,19.46,12.67,79.67,83.42,3.91,8.11,AgStat_2021
ofc,Cowpea,Other Field Crops,2019,Maha,5019.0,5502.0,1.1,759.4,450.7,31.28,21.9,87.67,71.5,7.22,5.5,926.5,502.1,30.93,21.17,84.17,66.67,7.7,4.4,839.9,347.5,19.55,11.82,75.33,82.83,3.88,5.38,AgStat__vol_17___2020
ofc,Cowpea,Other Field Crops,2019,Yala,2177.0,2565.0,1.18,622.0,612.7,33.32,24.87,78.17,58.17,7.78,4.36,604.5,,30.68,23.43,80.67,68.5,7.42,6.05,760.1,353.7,19.53,13.63,82.67,82.67,4.3,10.7,AgStat__vol_17___2020
ofc,Cowpea,Other Field Crops,2020,Annual,11518.0,13216.0,1.15,1181.1,1045.9,32.18,23.55,82.75,62.58,7.39,4.09,809.0,,31.12,22.92,82.5,67.42,7.39,4.83,1516.8,670.5,19.68,12.7,80.33,83.25,4.31,8.42,AgStat_2022
ofc,Cowpea,Other Field Crops,2020,Maha,5228.0,5765.0,1.1,1196.5,470.0,31.55,22.52,83.83,64.83,7.18,3.48,1180.1,,31.2,21.65,83.17,64.83,7.65,3.6,949.9,343.8,19.47,11.68,75.17,83.0,3.25,4.58,AgStat_2021
ofc,Cowpea,Other Field Crops,2020,Yala,6290.0,7451.0,1.18,699.4,551.3,32.67,24.58,81.33,62.83,7.37,3.78,434.0,,31.12,23.82,82.5,72.33,6.77,5.43,837.7,314.4,19.48,13.58,85.67,85.17,4.55,10.73,AgStat_2021
ofc,Cowpea,Other Field Crops,2021,Annual,10431.0,11878.0,1.14,1416.8,1007.0,31.82,23.49,84.75,66.83,7.13,5.24,2449.6,,30.58,22.67,82.75,69.67,6.92,4.65,2033.8,626.7,,12.72,83.42,87.67,3.93,8.99,AgStat_2023
ofc,Cowpea,Other Field Crops,2021,Maha,5423.0,5683.0,1.05,590.1,443.8,30.98,22.47,87.67,70.83,6.55,4.88,471.1,,30.4,22.07,82.67,66.33,7.1,4.13,871.9,319.8,,12.1,78.83,86.0,3.73,7.0,AgStat_2022
ofc,Cowpea,Other Field Crops,2021,Yala,5018.0,6196.0,1.23,451.6,590.1,32.78,24.62,80.5,61.5,7.93,6.12,1227.9,,30.73,23.52,82.33,72.5,7.07,5.22,927.3,321.5,,13.27,85.33,87.33,4.02,11.27,AgStat_2022
ofc,Cowpea,Other Field Crops,2022,Annual,14337.0,14844.0,1.04,1436.3,959.5,31.7,23.1,85.58,64.75,7.03,5.17,2317.0,,30.52,22.3,83.33,68.75,6.6,4.92,1844.4,638.4,,12.52,87.33,88.92,3.98,9.32,AgStat_2024
ofc,Cowpea,Other Field Crops,2022,Maha,7415.0,7868.0,1.06,1025.4,405.7,31.2,22.4,89.5,67.67,6.53,4.18,1039.8,,30.65,21.72,83.17,65.17,6.75,4.18,900.4,326.6,,12.07,83.83,85.17,4.67,6.37,AgStat_2023
ofc,Cowpea,Other Field Crops,2022,Yala,6923.0,6976.0,1.01,677.1,551.6,32.32,24.23,81.5,62.5,7.7,6.32,1200.1,,30.58,23.3,82.83,71.83,6.75,6.22,1074.9,290.3,,13.2,87.67,90.0,3.57,12.35,AgStat_2023
ofc,Cowpea,Other Field Crops,2023,Annual,12248.0,12801.0,1.05,1758.5,1040.2,32.23,23.45,84.75,65.17,6.94,5.4,2439.3,731.5,31.1,22.39,82.08,68.5,6.89,4.48,2396.4,647.7,20.13,13.15,89.33,90.75,4.29,7.99,AgStat_2025_ver_3_1
ofc,Cowpea,Other Field Crops,2023,Maha,6940.0,7022.0,1.01,924.3,402.6,30.65,21.12,89.83,69.0,6.1,4.17,1274.6,,30.03,21.05,84.5,67.67,6.2,3.48,939.2,326.4,19.37,11.97,91.83,93.0,3.9,6.63,AgStat_2024
ofc,Cowpea,Other Field Crops,2023,Yala,5308.0,5779.0,1.09,287.5,637.7,33.53,24.98,79.33,58.67,7.95,,905.6,532.3,31.6,23.3,80.0,68.5,7.32,5.65,720.8,364.2,20.43,13.62,88.5,89.17,4.93,10.22,AgStat_2024
ofc,Cowpea,Other Field Crops,2024,Annual,11074.0,11413.0,1.03,1549.9,1008.8,32.21,23.91,85.17,64.42,6.9,,2111.4,868.9,31.43,22.56,81.42,66.08,7.09,4.09,2021.0,730.4,20.71,13.28,91.67,91.67,4.77,8.82,AgStat_2025_ver_3_1
ofc,Cowpea,Other Field Crops,2024,Maha,6093.0,5955.0,0.98,1322.5,428.7,31.02,22.83,89.0,69.0,6.13,,1504.8,494.2,31.38,21.78,82.67,64.5,7.17,3.15,1857.4,328.8,20.62,12.8,92.0,93.83,4.53,5.68,AgStat_2025_ver_3_1
ofc,Cowpea,Other Field Crops,2024,Yala,4981.0,5458.0,1.1,553.2,581.9,33.32,25.2,81.67,63.17,7.4,,974.5,495.3,31.62,23.52,81.17,70.0,6.72,4.95,813.0,345.9,20.87,13.97,91.0,91.0,4.13,11.67,AgStat_2025_ver_3_1
ofc,Gingelly,Other Field Crops,2016,Annual,14044.0,12414.0,0.88,1125.1,1088.1,32.73,23.59,82.83,60.33,7.88,5.84,1554.4,1099.7,31.56,23.34,81.08,66.5,7.39,6.12,2403.9,617.1,18.14,12.72,86.83,90.17,4.61,8.18,Agstat2018
ofc,Gingelly,Other Field Crops,2016,Maha,3037.0,2486.0,0.819,76.4,233.5,32.8,21.93,86.67,57.67,8.07,4.97,134.3,295.8,32.2,22.0,81.33,58.0,8.3,5.3,286.6,179.9,19.63,10.73,79.33,85.0,6.57,4.37,AgStat_2017
ofc,Gingelly,Other Field Crops,2016,Yala,11007.0,9928.0,0.902,668.2,638.2,33.27,24.98,79.5,59.17,8.55,7.02,983.3,558.2,31.58,24.43,79.0,67.17,7.28,9.3,989.9,312.1,15.97,13.43,90.33,91.83,4.55,12.32,AgStat_2017
ofc,Gingelly,Other Field Crops,2017,Annual,9065.0,7754.0,0.86,1507.0,1020.2,32.52,23.16,84.0,62.83,,,1689.0,1067.5,30.96,23.07,82.25,67.33,7.12,5.26,1930.3,708.9,20.12,12.33,80.92,85.08,4.88,8.24,AgStat2019
ofc,Gingelly,Other Field Crops,2017,Maha,2464.0,2054.0,0.83,788.8,427.2,31.43,21.6,87.17,62.67,6.37,4.37,850.8,511.4,30.83,21.8,83.83,67.5,7.33,4.26,1652.3,340.6,19.9,11.8,77.5,85.17,4.62,5.23,Agstat2018
ofc,Gingelly,Other Field Crops,2017,Yala,6601.0,5700.0,0.86,589.8,605.6,33.72,24.45,80.17,59.0,,,783.6,558.5,31.47,24.2,81.17,68.17,7.1,6.23,636.5,353.5,20.53,13.1,85.0,86.5,4.78,10.47,Agstat2018
ofc,Gingelly,Other Field Crops,2018,Annual,11872.0,8589.0,0.72,1624.3,1039.0,31.88,22.97,83.17,65.08,6.9,,2106.9,1005.5,30.78,22.28,82.83,67.33,7.07,5.62,2409.4,624.9,19.46,12.54,81.36,86.73,3.69,9.13,AgStat__vol_17___2020
ofc,Gingelly,Other Field Crops,2018,Maha,2987.0,2218.0,0.74,615.3,466.9,31.67,22.07,85.5,64.0,,,594.5,533.0,30.67,21.82,82.33,63.67,7.27,4.1,1122.1,344.5,19.52,12.13,79.83,85.0,4.62,6.48,AgStat2019
ofc,Gingelly,Other Field Crops,2018,Yala,8886.0,6371.0,0.72,802.8,604.0,32.62,24.25,79.5,60.83,7.77,,1129.8,512.3,30.85,23.32,82.33,69.17,6.92,6.33,1358.3,282.8,19.38,13.18,86.4,89.6,3.35,12.68,AgStat2019
ofc,Gingelly,Other Field Crops,2019,Annual,6035.0,6085.0,1.01,1819.8,1078.2,32.38,23.62,81.83,63.0,7.35,4.31,1678.1,298.6,30.76,22.4,82.08,67.92,7.42,4.92,1712.7,701.1,19.46,12.67,79.67,83.42,3.91,8.11,AgStat_2021
ofc,Gingelly,Other Field Crops,2019,Maha,2452.0,1932.0,0.79,759.4,450.7,31.28,21.9,87.67,71.5,7.22,5.5,926.5,502.1,30.93,21.17,84.17,66.67,7.7,4.4,839.9,347.5,19.55,11.82,75.33,82.83,3.88,5.38,AgStat__vol_17___2020
ofc,Gingelly,Other Field Crops,2019,Yala,3583.0,4153.0,1.16,622.0,612.7,33.32,24.87,78.17,58.17,7.78,4.36,604.5,,30.68,23.43,80.67,68.5,7.42,6.05,760.1,353.7,19.53,13.63,82.67,82.67,4.3,10.7,AgStat__vol_17___2020
ofc,Gingelly,Other Field Crops,2020,Annual,11653.0,8223.0,0.71,1181.1,1045.9,32.18,23.55,82.75,62.58,7.39,4.09,809.0,,31.12,22.92,82.5,67.42,7.39,4.83,1516.8,670.5,19.68,12.7,80.33,83.25,4.31,8.42,AgStat_2022
ofc,Gingelly,Other Field Crops,2020,Maha,2438.0,2315.0,0.95,1196.5,470.0,31.55,22.52,83.83,64.83,7.18,3.48,1180.1,,31.2,21.65,83.17,64.83,7.65,3.6,949.9,343.8,19.47,11.68,75.17,83.0,3.25,4.58,AgStat_2021
ofc,Gingelly,Other Field Crops,2020,Yala,9216.0,5908.0,0.64,699.4,551.3,32.67,24.58,81.33,62.83,7.37,3.78,434.0,,31.12,23.82,82.5,72.33,6.77,5.43,837.7,314.4,19.48,13.58,85.67,85.17,4.55,10.73,AgStat_2021
ofc,Gingelly,Other Field Crops,2021,Annual,17228.0,11999.0,0.7,1416.8,1007.0,31.82,23.49,84.75,66.83,7.13,5.24,2449.6,,30.58,22.67,82.75,69.67,6.92,4.65,2033.8,626.7,,12.72,83.42,87.67,3.93,8.99,AgStat_2023
ofc,Gingelly,Other Field Crops,2021,Maha,32660.0,2725.0,0.08,590.1,443.8,30.98,22.47,87.67,70.83,6.55,4.88,471.1,,30.4,22.07,82.67,66.33,7.1,4.13,871.9,319.8,,12.1,78.83,86.0,3.73,7.0,AgStat_2022
ofc,Gingelly,Other Field Crops,2021,Yala,13968.0,9274.0,0.66,451.6,590.1,32.78,24.62,80.5,61.5,7.93,6.12,1227.9,,30.73,23.52,82.33,72.5,7.07,5.22,927.3,321.5,,13.27,85.33,87.33,4.02,11.27,AgStat_2022
ofc,Gingelly,Other Field Crops,2022,Annual,16222.0,10230.0,0.63,1436.3,959.5,31.7,23.1,85.58,64.75,7.03,5.17,2317.0,,30.52,22.3,83.33,68.75,6.6,4.92,1844.4,638.4,,12.52,87.33,88.92,3.98,9.32,AgStat_2024
ofc,Gingelly,Other Field Crops,2022,Maha,3965.0,2488.0,0.63,1025.4,405.7,31.2,22.4,89.5,67.67,6.53,4.18,1039.8,,30.65,21.72,83.17,65.17,6.75,4.18,900.4,326.6,,12.07,83.83,85.17,4.67,6.37,AgStat_2023
ofc,Gingelly,Other Field Crops,2022,Yala,12257.0,7742.0,0.63,677.1,551.6,32.32,24.23,81.5,62.5,7.7,6.32,1200.1,,30.58,23.3,82.83,71.83,6.75,6.22,1074.9,290.3,,13.2,87.67,90.0,3.57,12.35,AgStat_2023
ofc,Gingelly,Other Field Crops,2023,Annual,13785.0,11352.0,0.82,1758.5,1040.2,32.23,23.45,84.75,65.17,6.94,5.4,2439.3,731.5,31.1,22.39,82.08,68.5,6.89,4.48,2396.4,647.7,20.13,13.15,89.33,90.75,4.29,7.99,AgStat_2025_ver_3_1
ofc,Gingelly,Other Field Crops,2023,Maha,3649.0,2701.0,0.74,924.3,402.6,30.65,21.12,89.83,69.0,6.1,4.17,1274.6,,30.03,21.05,84.5,67.67,6.2,3.48,939.2,326.4,19.37,11.97,91.83,93.0,3.9,6.63,AgStat_2024
ofc,Gingelly,Other Field Crops,2023,Yala,10136.0,8651.0,0.85,287.5,637.7,33.53,24.98,79.33,58.67,7.95,,905.6,532.3,31.6,23.3,80.0,68.5,7.32,5.65,720.8,364.2,20.43,13.62,88.5,89.17,4.93,10.22,AgStat_2024
ofc,Gingelly,Other Field Crops,2024,Annual,13164.0,10503.0,0.8,1549.9,1008.8,32.21,23.91,85.17,64.42,6.9,,2111.4,868.9,31.43,22.56,81.42,66.08,7.09,4.09,2021.0,730.4,20.71,13.28,91.67,91.67,4.77,8.82,AgStat_2025_ver_3_1
ofc,Gingelly,Other Field Crops,2024,Maha,3247.0,2210.0,0.68,1322.5,428.7,31.02,22.83,89.0,69.0,6.13,,1504.8,494.2,31.38,21.78,82.67,64.5,7.17,3.15,1857.4,328.8,20.62,12.8,92.0,93.83,4.53,5.68,AgStat_2025_ver_3_1
ofc,Gingelly,Other Field Crops,2024,Yala,9917.0,8293.0,0.84,553.2,581.9,33.32,25.2,81.67,63.17,7.4,,974.5,495.3,31.62,23.52,81.17,70.0,6.72,4.95,813.0,345.9,20.87,13.97,91.0,91.0,4.13,11.67,AgStat_2025_ver_3_1
ofc,Green gram,Other Field Crops,2016,Annual,11302.0,14546.0,1.29,1125.1,1088.1,32.73,23.59,82.83,60.33,7.88,5.84,1554.4,1099.7,31.56,23.34,81.08,66.5,7.39,6.12,2403.9,617.1,18.14,12.72,86.83,90.17,4.61,8.18,Agstat2018
ofc,Green gram,Other Field Crops,2016,Maha,6035.0,7975.0,1.321,76.4,233.5,32.8,21.93,86.67,57.67,8.07,4.97,134.3,295.8,32.2,22.0,81.33,58.0,8.3,5.3,286.6,179.9,19.63,10.73,79.33,85.0,6.57,4.37,AgStat_2017
ofc,Green gram,Other Field Crops,2016,Yala,5267.0,6571.0,1.248,668.2,638.2,33.27,24.98,79.5,59.17,8.55,7.02,983.3,558.2,31.58,24.43,79.0,67.17,7.28,9.3,989.9,312.1,15.97,13.43,90.33,91.83,4.55,12.32,AgStat_2017
ofc,Green gram,Other Field Crops,2017,Annual,7371.0,9392.0,1.27,1507.0,1020.2,32.52,23.16,84.0,62.83,,,1689.0,1067.5,30.96,23.07,82.25,67.33,7.12,5.26,1930.3,708.9,20.12,12.33,80.92,85.08,4.88,8.24,AgStat2019
ofc,Green gram,Other Field Crops,2017,Maha,4061.0,4896.0,1.21,788.8,427.2,31.43,21.6,87.17,62.67,6.37,4.37,850.8,511.4,30.83,21.8,83.83,67.5,7.33,4.26,1652.3,340.6,19.9,11.8,77.5,85.17,4.62,5.23,Agstat2018
ofc,Green gram,Other Field Crops,2017,Yala,3310.0,4496.0,1.36,589.8,605.6,33.72,24.45,80.17,59.0,,,783.6,558.5,31.47,24.2,81.17,68.17,7.1,6.23,636.5,353.5,20.53,13.1,85.0,86.5,4.78,10.47,Agstat2018
ofc,Green gram,Other Field Crops,2018,Annual,8615.0,9856.0,1.14,1624.3,1039.0,31.88,22.97,83.17,65.08,6.9,,2106.9,1005.5,30.78,22.28,82.83,67.33,7.07,5.62,2409.4,624.9,19.46,12.54,81.36,86.73,3.69,9.13,AgStat__vol_17___2020
ofc,Green gram,Other Field Crops,2018,Maha,6359.0,6659.0,1.05,615.3,466.9,31.67,22.07,85.5,64.0,,,594.5,533.0,30.67,21.82,82.33,63.67,7.27,4.1,1122.1,344.5,19.52,12.13,79.83,85.0,4.62,6.48,AgStat2019
ofc,Green gram,Other Field Crops,2018,Yala,2256.0,3197.0,1.42,802.8,604.0,32.62,24.25,79.5,60.83,7.77,,1129.8,512.3,30.85,23.32,82.33,69.17,6.92,6.33,1358.3,282.8,19.38,13.18,86.4,89.6,3.35,12.68,AgStat2019
ofc,Green gram,Other Field Crops,2019,Annual,6156.0,7355.0,1.19,1819.8,1078.2,32.38,23.62,81.83,63.0,7.35,4.31,1678.1,298.6,30.76,22.4,82.08,67.92,7.42,4.92,1712.7,701.1,19.46,12.67,79.67,83.42,3.91,8.11,AgStat_2021
ofc,Green gram,Other Field Crops,2019,Maha,3823.0,4730.0,1.24,759.4,450.7,31.28,21.9,87.67,71.5,7.22,5.5,926.5,502.1,30.93,21.17,84.17,66.67,7.7,4.4,839.9,347.5,19.55,11.82,75.33,82.83,3.88,5.38,AgStat__vol_17___2020
ofc,Green gram,Other Field Crops,2019,Yala,2333.0,2625.0,1.13,622.0,612.7,33.32,24.87,78.17,58.17,7.78,4.36,604.5,,30.68,23.43,80.67,68.5,7.42,6.05,760.1,353.7,19.53,13.63,82.67,82.67,4.3,10.7,AgStat__vol_17___2020
ofc,Green gram,Other Field Crops,2020,Annual,10889.0,13497.0,1.24,1181.1,1045.9,32.18,23.55,82.75,62.58,7.39,4.09,809.0,,31.12,22.92,82.5,67.42,7.39,4.83,1516.8,670.5,19.68,12.7,80.33,83.25,4.31,8.42,AgStat_2022
ofc,Green gram,Other Field Crops,2020,Maha,4120.0,5058.0,1.23,1196.5,470.0,31.55,22.52,83.83,64.83,7.18,3.48,1180.1,,31.2,21.65,83.17,64.83,7.65,3.6,949.9,343.8,19.47,11.68,75.17,83.0,3.25,4.58,AgStat_2021
ofc,Green gram,Other Field Crops,2020,Yala,6769.0,8439.0,1.25,699.4,551.3,32.67,24.58,81.33,62.83,7.37,3.78,434.0,,31.12,23.82,82.5,72.33,6.77,5.43,837.7,314.4,19.48,13.58,85.67,85.17,4.55,10.73,AgStat_2021
ofc,Green gram,Other Field Crops,2021,Annual,17841.0,18931.0,1.06,1416.8,1007.0,31.82,23.49,84.75,66.83,7.13,5.24,2449.6,,30.58,22.67,82.75,69.67,6.92,4.65,2033.8,626.7,,12.72,83.42,87.67,3.93,8.99,AgStat_2023
ofc,Green gram,Other Field Crops,2021,Maha,5666.0,6515.0,1.15,590.1,443.8,30.98,22.47,87.67,70.83,6.55,4.88,471.1,,30.4,22.07,82.67,66.33,7.1,4.13,871.9,319.8,,12.1,78.83,86.0,3.73,7.0,AgStat_2022
ofc,Green gram,Other Field Crops,2021,Yala,12176.0,12416.0,1.02,451.6,590.1,32.78,24.62,80.5,61.5,7.93,6.12,1227.9,,30.73,23.52,82.33,72.5,7.07,5.22,927.3,321.5,,13.27,85.33,87.33,4.02,11.27,AgStat_2022
ofc,Green gram,Other Field Crops,2022,Annual,11899.0,12544.0,1.05,1436.3,959.5,31.7,23.1,85.58,64.75,7.03,5.17,2317.0,,30.52,22.3,83.33,68.75,6.6,4.92,1844.4,638.4,,12.52,87.33,88.92,3.98,9.32,AgStat_2024
ofc,Green gram,Other Field Crops,2022,Maha,5835.0,5787.0,0.99,1025.4,405.7,31.2,22.4,89.5,67.67,6.53,4.18,1039.8,,30.65,21.72,83.17,65.17,6.75,4.18,900.4,326.6,,12.07,83.83,85.17,4.67,6.37,AgStat_2023
ofc,Green gram,Other Field Crops,2022,Yala,6064.0,6757.0,1.11,677.1,551.6,32.32,24.23,81.5,62.5,7.7,6.32,1200.1,,30.58,23.3,82.83,71.83,6.75,6.22,1074.9,290.3,,13.2,87.67,90.0,3.57,12.35,AgStat_2023
ofc,Green gram,Other Field Crops,2023,Annual,12655.0,12454.0,0.98,1758.5,1040.2,32.23,23.45,84.75,65.17,6.94,5.4,2439.3,731.5,31.1,22.39,82.08,68.5,6.89,4.48,2396.4,647.7,20.13,13.15,89.33,90.75,4.29,7.99,AgStat_2025_ver_3_1
ofc,Green gram,Other Field Crops,2023,Maha,7073.0,6940.0,0.98,924.3,402.6,30.65,21.12,89.83,69.0,6.1,4.17,1274.6,,30.03,21.05,84.5,67.67,6.2,3.48,939.2,326.4,19.37,11.97,91.83,93.0,3.9,6.63,AgStat_2024
ofc,Green gram,Other Field Crops,2023,Yala,5583.0,5514.0,0.99,287.5,637.7,33.53,24.98,79.33,58.67,7.95,,905.6,532.3,31.6,23.3,80.0,68.5,7.32,5.65,720.8,364.2,20.43,13.62,88.5,89.17,4.93,10.22,AgStat_2024
ofc,Green gram,Other Field Crops,2024,Annual,14334.0,15066.0,1.05,1549.9,1008.8,32.21,23.91,85.17,64.42,6.9,,2111.4,868.9,31.43,22.56,81.42,66.08,7.09,4.09,2021.0,730.4,20.71,13.28,91.67,91.67,4.77,8.82,AgStat_2025_ver_3_1
ofc,Green gram,Other Field Crops,2024,Maha,6058.0,6156.0,1.02,1322.5,428.7,31.02,22.83,89.0,69.0,6.13,,1504.8,494.2,31.38,21.78,82.67,64.5,7.17,3.15,1857.4,328.8,20.62,12.8,92.0,93.83,4.53,5.68,AgStat_2025_ver_3_1
ofc,Green gram,Other Field Crops,2024,Yala,8276.0,8909.0,1.08,553.2,581.9,33.32,25.2,81.67,63.17,7.4,,974.5,495.3,31.62,23.52,81.17,70.0,6.72,4.95,813.0,345.9,20.87,13.97,91.0,91.0,4.13,11.67,AgStat_2025_ver_3_1
ofc,Ground nut,Other Field Crops,2016,Annual,19975.0,24200.0,1.21,1125.1,1088.1,32.73,23.59,82.83,60.33,7.88,5.84,1554.4,1099.7,31.56,23.34,81.08,66.5,7.39,6.12,2403.9,617.1,18.14,12.72,86.83,90.17,4.61,8.18,Agstat2018
ofc,Ground nut,Other Field Crops,2016,Maha,15482.0,16564.0,1.07,76.4,233.5,32.8,21.93,86.67,57.67,8.07,4.97,134.3,295.8,32.2,22.0,81.33,58.0,8.3,5.3,286.6,179.9,19.63,10.73,79.33,85.0,6.57,4.37,AgStat_2017
ofc,Ground nut,Other Field Crops,2016,Yala,4493.0,7636.0,1.7,668.2,638.2,33.27,24.98,79.5,59.17,8.55,7.02,983.3,558.2,31.58,24.43,79.0,67.17,7.28,9.3,989.9,312.1,15.97,13.43,90.33,91.83,4.55,12.32,AgStat_2017
ofc,Ground nut,Other Field Crops,2017,Annual,12639.0,22475.0,1.78,1507.0,1020.2,32.52,23.16,84.0,62.83,,,1689.0,1067.5,30.96,23.07,82.25,67.33,7.12,5.26,1930.3,708.9,20.12,12.33,80.92,85.08,4.88,8.24,AgStat2019
ofc,Ground nut,Other Field Crops,2017,Maha,8099.0,14152.0,1.75,788.8,427.2,31.43,21.6,87.17,62.67,6.37,4.37,850.8,511.4,30.83,21.8,83.83,67.5,7.33,4.26,1652.3,340.6,19.9,11.8,77.5,85.17,4.62,5.23,Agstat2018
ofc,Ground nut,Other Field Crops,2017,Yala,4540.0,8323.0,1.83,589.8,605.6,33.72,24.45,80.17,59.0,,,783.6,558.5,31.47,24.2,81.17,68.17,7.1,6.23,636.5,353.5,20.53,13.1,85.0,86.5,4.78,10.47,Agstat2018
ofc,Ground nut,Other Field Crops,2018,Annual,15752.0,27602.0,1.75,1624.3,1039.0,31.88,22.97,83.17,65.08,6.9,,2106.9,1005.5,30.78,22.28,82.83,67.33,7.07,5.62,2409.4,624.9,19.46,12.54,81.36,86.73,3.69,9.13,AgStat__vol_17___2020
ofc,Ground nut,Other Field Crops,2018,Maha,12147.0,19498.0,1.61,615.3,466.9,31.67,22.07,85.5,64.0,,,594.5,533.0,30.67,21.82,82.33,63.67,7.27,4.1,1122.1,344.5,19.52,12.13,79.83,85.0,4.62,6.48,AgStat2019
ofc,Ground nut,Other Field Crops,2018,Yala,3605.0,8104.0,2.25,802.8,604.0,32.62,24.25,79.5,60.83,7.77,,1129.8,512.3,30.85,23.32,82.33,69.17,6.92,6.33,1358.3,282.8,19.38,13.18,86.4,89.6,3.35,12.68,AgStat2019
ofc,Ground nut,Other Field Crops,2019,Annual,14527.0,26922.0,1.85,1819.8,1078.2,32.38,23.62,81.83,63.0,7.35,4.31,1678.1,298.6,30.76,22.4,82.08,67.92,7.42,4.92,1712.7,701.1,19.46,12.67,79.67,83.42,3.91,8.11,AgStat_2021
ofc,Ground nut,Other Field Crops,2019,Maha,10247.0,18008.0,1.76,759.4,450.7,31.28,21.9,87.67,71.5,7.22,5.5,926.5,502.1,30.93,21.17,84.17,66.67,7.7,4.4,839.9,347.5,19.55,11.82,75.33,82.83,3.88,5.38,AgStat__vol_17___2020
ofc,Ground nut,Other Field Crops,2019,Yala,4280.0,8914.0,2.08,622.0,612.7,33.32,24.87,78.17,58.17,7.78,4.36,604.5,,30.68,23.43,80.67,68.5,7.42,6.05,760.1,353.7,19.53,13.63,82.67,82.67,4.3,10.7,AgStat__vol_17___2020
ofc,Ground nut,Other Field Crops,2020,Annual,19508.0,36375.0,1.86,1181.1,1045.9,32.18,23.55,82.75,62.58,7.39,4.09,809.0,,31.12,22.92,82.5,67.42,7.39,4.83,1516.8,670.5,19.68,12.7,80.33,83.25,4.31,8.42,AgStat_2022
ofc,Ground nut,Other Field Crops,2020,Maha,10149.0,18704.0,1.84,1196.5,470.0,31.55,22.52,83.83,64.83,7.18,3.48,1180.1,,31.2,21.65,83.17,64.83,7.65,3.6,949.9,343.8,19.47,11.68,75.17,83.0,3.25,4.58,AgStat_2021
ofc,Ground nut,Other Field Crops,2020,Yala,9359.0,17671.0,1.89,699.4,551.3,32.67,24.58,81.33,62.83,7.37,3.78,434.0,,31.12,23.82,82.5,72.33,6.77,5.43,837.7,314.4,19.48,13.58,85.67,85.17,4.55,10.73,AgStat_2021
ofc,Ground nut,Other Field Crops,2021,Annual,18537.0,36947.0,1.99,1416.8,1007.0,31.82,23.49,84.75,66.83,7.13,5.24,2449.6,,30.58,22.67,82.75,69.67,6.92,4.65,2033.8,626.7,,12.72,83.42,87.67,3.93,8.99,AgStat_2023
ofc,Ground nut,Other Field Crops,2021,Maha,11247.0,21224.0,1.89,590.1,443.8,30.98,22.47,87.67,70.83,6.55,4.88,471.1,,30.4,22.07,82.67,66.33,7.1,4.13,871.9,319.8,,12.1,78.83,86.0,3.73,7.0,AgStat_2022
ofc,Ground nut,Other Field Crops,2021,Yala,7291.0,15722.0,2.16,451.6,590.1,32.78,24.62,80.5,61.5,7.93,6.12,1227.9,,30.73,23.52,82.33,72.5,7.07,5.22,927.3,321.5,,13.27,85.33,87.33,4.02,11.27,AgStat_2022
ofc,Ground nut,Other Field Crops,2022,Annual,16656.0,27181.0,1.63,1436.3,959.5,31.7,23.1,85.58,64.75,7.03,5.17,2317.0,,30.52,22.3,83.33,68.75,6.6,4.92,1844.4,638.4,,12.52,87.33,88.92,3.98,9.32,AgStat_2024
ofc,Ground nut,Other Field Crops,2022,Maha,10238.0,15976.0,1.56,1025.4,405.7,31.2,22.4,89.5,67.67,6.53,4.18,1039.8,,30.65,21.72,83.17,65.17,6.75,4.18,900.4,326.6,,12.07,83.83,85.17,4.67,6.37,AgStat_2023
ofc,Ground nut,Other Field Crops,2022,Yala,6418.0,11204.0,1.75,677.1,551.6,32.32,24.23,81.5,62.5,7.7,6.32,1200.1,,30.58,23.3,82.83,71.83,6.75,6.22,1074.9,290.3,,13.2,87.67,90.0,3.57,12.35,AgStat_2023
ofc,Ground nut,Other Field Crops,2023,Annual,16597.0,29680.0,1.79,1758.5,1040.2,32.23,23.45,84.75,65.17,6.94,5.4,2439.3,731.5,31.1,22.39,82.08,68.5,6.89,4.48,2396.4,647.7,20.13,13.15,89.33,90.75,4.29,7.99,AgStat_2025_ver_3_1
ofc,Ground nut,Other Field Crops,2023,Maha,10843.0,19014.0,1.75,924.3,402.6,30.65,21.12,89.83,69.0,6.1,4.17,1274.6,,30.03,21.05,84.5,67.67,6.2,3.48,939.2,326.4,19.37,11.97,91.83,93.0,3.9,6.63,AgStat_2024
ofc,Ground nut,Other Field Crops,2023,Yala,5755.0,10666.0,1.85,287.5,637.7,33.53,24.98,79.33,58.67,7.95,,905.6,532.3,31.6,23.3,80.0,68.5,7.32,5.65,720.8,364.2,20.43,13.62,88.5,89.17,4.93,10.22,AgStat_2024
ofc,Ground nut,Other Field Crops,2024,Annual,17829.0,28962.0,1.62,1549.9,1008.8,32.21,23.91,85.17,64.42,6.9,,2111.4,868.9,31.43,22.56,81.42,66.08,7.09,4.09,2021.0,730.4,20.71,13.28,91.67,91.67,4.77,8.82,AgStat_2025_ver_3_1
ofc,Ground nut,Other Field Crops,2024,Maha,11495.0,17336.0,1.51,1322.5,428.7,31.02,22.83,89.0,69.0,6.13,,1504.8,494.2,31.38,21.78,82.67,64.5,7.17,3.15,1857.4,328.8,20.62,12.8,92.0,93.83,4.53,5.68,AgStat_2025_ver_3_1
ofc,Ground nut,Other Field Crops,2024,Yala,6335.0,11626.0,1.84,553.2,581.9,33.32,25.2,81.67,63.17,7.4,,974.5,495.3,31.62,23.52,81.17,70.0,6.72,4.95,813.0,345.9,20.87,13.97,91.0,91.0,4.13,11.67,AgStat_2025_ver_3_1
ofc,Kurakkan,Other Field Crops,2016,Annual,6151.0,8565.0,1.39,1125.1,1088.1,32.73,23.59,82.83,60.33,7.88,5.84,1554.4,1099.7,31.56,23.34,81.08,66.5,7.39,6.12,2403.9,617.1,18.14,12.72,86.83,90.17,4.61,8.18,Agstat2018
ofc,Kurakkan,Other Field Crops,2016,Maha,5122.0,7059.0,1.378,76.4,233.5,32.8,21.93,86.67,57.67,8.07,4.97,134.3,295.8,32.2,22.0,81.33,58.0,8.3,5.3,286.6,179.9,19.63,10.73,79.33,85.0,6.57,4.37,AgStat_2017
ofc,Kurakkan,Other Field Crops,2016,Yala,1029.0,1506.0,1.464,668.2,638.2,33.27,24.98,79.5,59.17,8.55,7.02,983.3,558.2,31.58,24.43,79.0,67.17,7.28,9.3,989.9,312.1,15.97,13.43,90.33,91.83,4.55,12.32,AgStat_2017
ofc,Kurakkan,Other Field Crops,2017,Annual,4205.0,5574.0,1.33,1507.0,1020.2,32.52,23.16,84.0,62.83,,,1689.0,1067.5,30.96,23.07,82.25,67.33,7.12,5.26,1930.3,708.9,20.12,12.33,80.92,85.08,4.88,8.24,AgStat2019
ofc,Kurakkan,Other Field Crops,2017,Maha,3440.0,4468.0,1.3,788.8,427.2,31.43,21.6,87.17,62.67,6.37,4.37,850.8,511.4,30.83,21.8,83.83,67.5,7.33,4.26,1652.3,340.6,19.9,11.8,77.5,85.17,4.62,5.23,Agstat2018
ofc,Kurakkan,Other Field Crops,2017,Yala,765.0,1106.0,1.45,589.8,605.6,33.72,24.45,80.17,59.0,,,783.6,558.5,31.47,24.2,81.17,68.17,7.1,6.23,636.5,353.5,20.53,13.1,85.0,86.5,4.78,10.47,Agstat2018
ofc,Kurakkan,Other Field Crops,2018,Annual,6770.0,8060.0,1.19,1624.3,1039.0,31.88,22.97,83.17,65.08,6.9,,2106.9,1005.5,30.78,22.28,82.83,67.33,7.07,5.62,2409.4,624.9,19.46,12.54,81.36,86.73,3.69,9.13,AgStat__vol_17___2020
ofc,Kurakkan,Other Field Crops,2018,Maha,6021.0,7176.0,1.19,615.3,466.9,31.67,22.07,85.5,64.0,,,594.5,533.0,30.67,21.82,82.33,63.67,7.27,4.1,1122.1,344.5,19.52,12.13,79.83,85.0,4.62,6.48,AgStat2019
ofc,Kurakkan,Other Field Crops,2018,Yala,749.0,884.0,1.18,802.8,604.0,32.62,24.25,79.5,60.83,7.77,,1129.8,512.3,30.85,23.32,82.33,69.17,6.92,6.33,1358.3,282.8,19.38,13.18,86.4,89.6,3.35,12.68,AgStat2019
ofc,Kurakkan,Other Field Crops,2019,Annual,4192.0,5474.0,1.31,1819.8,1078.2,32.38,23.62,81.83,63.0,7.35,4.31,1678.1,298.6,30.76,22.4,82.08,67.92,7.42,4.92,1712.7,701.1,19.46,12.67,79.67,83.42,3.91,8.11,AgStat_2021
ofc,Kurakkan,Other Field Crops,2019,Maha,3375.0,4386.0,1.3,759.4,450.7,31.28,21.9,87.67,71.5,7.22,5.5,926.5,502.1,30.93,21.17,84.17,66.67,7.7,4.4,839.9,347.5,19.55,11.82,75.33,82.83,3.88,5.38,AgStat__vol_17___2020
ofc,Kurakkan,Other Field Crops,2019,Yala,817.0,1088.0,1.33,622.0,612.7,33.32,24.87,78.17,58.17,7.78,4.36,604.5,,30.68,23.43,80.67,68.5,7.42,6.05,760.1,353.7,19.53,13.63,82.67,82.67,4.3,10.7,AgStat__vol_17___2020
ofc,Kurakkan,Other Field Crops,2020,Annual,4570.0,6247.0,1.37,1181.1,1045.9,32.18,23.55,82.75,62.58,7.39,4.09,809.0,,31.12,22.92,82.5,67.42,7.39,4.83,1516.8,670.5,19.68,12.7,80.33,83.25,4.31,8.42,AgStat_2022
ofc,Kurakkan,Other Field Crops,2020,Maha,3291.0,4381.0,1.33,1196.5,470.0,31.55,22.52,83.83,64.83,7.18,3.48,1180.1,,31.2,21.65,83.17,64.83,7.65,3.6,949.9,343.8,19.47,11.68,75.17,83.0,3.25,4.58,AgStat_2021
ofc,Kurakkan,Other Field Crops,2020,Yala,1279.0,1866.0,1.46,699.4,551.3,32.67,24.58,81.33,62.83,7.37,3.78,434.0,,31.12,23.82,82.5,72.33,6.77,5.43,837.7,314.4,19.48,13.58,85.67,85.17,4.55,10.73,AgStat_2021
ofc,Kurakkan,Other Field Crops,2021,Annual,6138.0,8064.0,1.31,1416.8,1007.0,31.82,23.49,84.75,66.83,7.13,5.24,2449.6,,30.58,22.67,82.75,69.67,6.92,4.65,2033.8,626.7,,12.72,83.42,87.67,3.93,8.99,AgStat_2023
ofc,Kurakkan,Other Field Crops,2021,Maha,4448.0,5130.0,1.15,590.1,443.8,30.98,22.47,87.67,70.83,6.55,4.88,471.1,,30.4,22.07,82.67,66.33,7.1,4.13,871.9,319.8,,12.1,78.83,86.0,3.73,7.0,AgStat_2022
ofc,Kurakkan,Other Field Crops,2021,Yala,1690.0,2934.0,1.74,451.6,590.1,32.78,24.62,80.5,61.5,7.93,6.12,1227.9,,30.73,23.52,82.33,72.5,7.07,5.22,927.3,321.5,,13.27,85.33,87.33,4.02,11.27,AgStat_2022
ofc,Kurakkan,Other Field Crops,2022,Annual,9000.0,10888.0,1.21,1436.3,959.5,31.7,23.1,85.58,64.75,7.03,5.17,2317.0,,30.52,22.3,83.33,68.75,6.6,4.92,1844.4,638.4,,12.52,87.33,88.92,3.98,9.32,AgStat_2024
ofc,Kurakkan,Other Field Crops,2022,Maha,7246.0,8095.0,1.12,1025.4,405.7,31.2,22.4,89.5,67.67,6.53,4.18,1039.8,,30.65,21.72,83.17,65.17,6.75,4.18,900.4,326.6,,12.07,83.83,85.17,4.67,6.37,AgStat_2023
ofc,Kurakkan,Other Field Crops,2022,Yala,1754.0,2793.0,1.59,677.1,551.6,32.32,24.23,81.5,62.5,7.7,6.32,1200.1,,30.58,23.3,82.83,71.83,6.75,6.22,1074.9,290.3,,13.2,87.67,90.0,3.57,12.35,AgStat_2023
ofc,Kurakkan,Other Field Crops,2023,Annual,8028.0,9365.0,1.17,1758.5,1040.2,32.23,23.45,84.75,65.17,6.94,5.4,2439.3,731.5,31.1,22.39,82.08,68.5,6.89,4.48,2396.4,647.7,20.13,13.15,89.33,90.75,4.29,7.99,AgStat_2025_ver_3_1
ofc,Kurakkan,Other Field Crops,2023,Maha,6581.0,7551.0,1.15,924.3,402.6,30.65,21.12,89.83,69.0,6.1,4.17,1274.6,,30.03,21.05,84.5,67.67,6.2,3.48,939.2,326.4,19.37,11.97,91.83,93.0,3.9,6.63,AgStat_2024
ofc,Kurakkan,Other Field Crops,2023,Yala,1447.0,1814.0,1.25,287.5,637.7,33.53,24.98,79.33,58.67,7.95,,905.6,532.3,31.6,23.3,80.0,68.5,7.32,5.65,720.8,364.2,20.43,13.62,88.5,89.17,4.93,10.22,AgStat_2024
ofc,Kurakkan,Other Field Crops,2024,Annual,7596.0,8694.0,1.14,1549.9,1008.8,32.21,23.91,85.17,64.42,6.9,,2111.4,868.9,31.43,22.56,81.42,66.08,7.09,4.09,2021.0,730.4,20.71,13.28,91.67,91.67,4.77,8.82,AgStat_2025_ver_3_1
ofc,Kurakkan,Other Field Crops,2024,Maha,5865.0,6681.0,1.14,1322.5,428.7,31.02,22.83,89.0,69.0,6.13,,1504.8,494.2,31.38,21.78,82.67,64.5,7.17,3.15,1857.4,328.8,20.62,12.8,92.0,93.83,4.53,5.68,AgStat_2025_ver_3_1
ofc,Kurakkan,Other Field Crops,2024,Yala,1731.0,2013.0,1.16,553.2,581.9,33.32,25.2,81.67,63.17,7.4,,974.5,495.3,31.62,23.52,81.17,70.0,6.72,4.95,813.0,345.9,20.87,13.97,91.0,91.0,4.13,11.67,AgStat_2025_ver_3_1
ofc,Maize,Other Field Crops,2016,Annual,67630.0,243960.0,3.61,1125.1,1088.1,32.73,23.59,82.83,60.33,7.88,5.84,1554.4,1099.7,31.56,23.34,81.08,66.5,7.39,6.12,2403.9,617.1,18.14,12.72,86.83,90.17,4.61,8.18,Agstat2018
ofc,Maize,Other Field Crops,2016,Maha,57094.0,207075.0,3.627,76.4,233.5,32.8,21.93,86.67,57.67,8.07,4.97,134.3,295.8,32.2,22.0,81.33,58.0,8.3,5.3,286.6,179.9,19.63,10.73,79.33,85.0,6.57,4.37,AgStat_2017
ofc,Maize,Other Field Crops,2016,Yala,10536.0,36885.0,3.501,668.2,638.2,33.27,24.98,79.5,59.17,8.55,7.02,983.3,558.2,31.58,24.43,79.0,67.17,7.28,9.3,989.9,312.1,15.97,13.43,90.33,91.83,4.55,12.32,AgStat_2017
ofc,Maize,Other Field Crops,2017,Annual,52544.0,195744.0,3.73,1507.0,1020.2,32.52,23.16,84.0,62.83,,,1689.0,1067.5,30.96,23.07,82.25,67.33,7.12,5.26,1930.3,708.9,20.12,12.33,80.92,85.08,4.88,8.24,AgStat2019
ofc,Maize,Other Field Crops,2017,Maha,44515.0,163733.0,3.68,788.8,427.2,31.43,21.6,87.17,62.67,6.37,4.37,850.8,511.4,30.83,21.8,83.83,67.5,7.33,4.26,1652.3,340.6,19.9,11.8,77.5,85.17,4.62,5.23,Agstat2018
ofc,Maize,Other Field Crops,2017,Yala,8029.0,32011.0,3.99,589.8,605.6,33.72,24.45,80.17,59.0,,,783.6,558.5,31.47,24.2,81.17,68.17,7.1,6.23,636.5,353.5,20.53,13.1,85.0,86.5,4.78,10.47,Agstat2018
ofc,Maize,Other Field Crops,2018,Annual,70895.0,270041.0,3.81,1624.3,1039.0,31.88,22.97,83.17,65.08,6.9,,2106.9,1005.5,30.78,22.28,82.83,67.33,7.07,5.62,2409.4,624.9,19.46,12.54,81.36,86.73,3.69,9.13,AgStat__vol_17___2020
ofc,Maize,Other Field Crops,2018,Maha,63926.0,242935.0,3.8,615.3,466.9,31.67,22.07,85.5,64.0,,,594.5,533.0,30.67,21.82,82.33,63.67,7.27,4.1,1122.1,344.5,19.52,12.13,79.83,85.0,4.62,6.48,AgStat2019
ofc,Maize,Other Field Crops,2018,Yala,6969.0,27106.0,3.89,802.8,604.0,32.62,24.25,79.5,60.83,7.77,,1129.8,512.3,30.85,23.32,82.33,69.17,6.92,6.33,1358.3,282.8,19.38,13.18,86.4,89.6,3.35,12.68,AgStat2019
ofc,Maize,Other Field Crops,2019,Annual,63450.0,245647.0,3.87,1819.8,1078.2,32.38,23.62,81.83,63.0,7.35,4.31,1678.1,298.6,30.76,22.4,82.08,67.92,7.42,4.92,1712.7,701.1,19.46,12.67,79.67,83.42,3.91,8.11,AgStat_2021
ofc,Maize,Other Field Crops,2019,Maha,57380.0,220425.0,3.84,759.4,450.7,31.28,21.9,87.67,71.5,7.22,5.5,926.5,502.1,30.93,21.17,84.17,66.67,7.7,4.4,839.9,347.5,19.55,11.82,75.33,82.83,3.88,5.38,AgStat__vol_17___2020
ofc,Maize,Other Field Crops,2019,Yala,6070.0,25222.0,4.16,622.0,612.7,33.32,24.87,78.17,58.17,7.78,4.36,604.5,,30.68,23.43,80.67,68.5,7.42,6.05,760.1,353.7,19.53,13.63,82.67,82.67,4.3,10.7,AgStat__vol_17___2020
ofc,Maize,Other Field Crops,2020,Annual,78249.0,313520.0,4.01,1181.1,1045.9,32.18,23.55,82.75,62.58,7.39,4.09,809.0,,31.12,22.92,82.5,67.42,7.39,4.83,1516.8,670.5,19.68,12.7,80.33,83.25,4.31,8.42,AgStat_2022
ofc,Maize,Other Field Crops,2020,Maha,66486.0,267767.0,4.03,1196.5,470.0,31.55,22.52,83.83,64.83,7.18,3.48,1180.1,,31.2,21.65,83.17,64.83,7.65,3.6,949.9,343.8,19.47,11.68,75.17,83.0,3.25,4.58,AgStat_2021
ofc,Maize,Other Field Crops,2020,Yala,11763.0,45753.0,3.89,699.4,551.3,32.67,24.58,81.33,62.83,7.37,3.78,434.0,,31.12,23.82,82.5,72.33,6.77,5.43,837.7,314.4,19.48,13.58,85.67,85.17,4.55,10.73,AgStat_2021
ofc,Maize,Other Field Crops,2021,Annual,106757.0,472444.0,4.43,1416.8,1007.0,31.82,23.49,84.75,66.83,7.13,5.24,2449.6,,30.58,22.67,82.75,69.67,6.92,4.65,2033.8,626.7,,12.72,83.42,87.67,3.93,8.99,AgStat_2023
ofc,Maize,Other Field Crops,2021,Maha,96061.0,432153.0,4.5,590.1,443.8,30.98,22.47,87.67,70.83,6.55,4.88,471.1,,30.4,22.07,82.67,66.33,7.1,4.13,871.9,319.8,,12.1,78.83,86.0,3.73,7.0,AgStat_2022
ofc,Maize,Other Field Crops,2021,Yala,10696.0,40291.0,3.77,451.6,590.1,32.78,24.62,80.5,61.5,7.93,6.12,1227.9,,30.73,23.52,82.33,72.5,7.07,5.22,927.3,321.5,,13.27,85.33,87.33,4.02,11.27,AgStat_2022
ofc,Maize,Other Field Crops,2022,Annual,84158.0,259040.0,3.08,1436.3,959.5,31.7,23.1,85.58,64.75,7.03,5.17,2317.0,,30.52,22.3,83.33,68.75,6.6,4.92,1844.4,638.4,,12.52,87.33,88.92,3.98,9.32,AgStat_2024
ofc,Maize,Other Field Crops,2022,Maha,77980.0,236928.0,3.04,1025.4,405.7,31.2,22.4,89.5,67.67,6.53,4.18,1039.8,,30.65,21.72,83.17,65.17,6.75,4.18,900.4,326.6,,12.07,83.83,85.17,4.67,6.37,AgStat_2023
ofc,Maize,Other Field Crops,2022,Yala,6179.0,22112.0,3.58,677.1,551.6,32.32,24.23,81.5,62.5,7.7,6.32,1200.1,,30.58,23.3,82.83,71.83,6.75,6.22,1074.9,290.3,,13.2,87.67,90.0,3.57,12.35,AgStat_2023
ofc,Maize,Other Field Crops,2023,Annual,75982.0,221249.0,2.91,1758.5,1040.2,32.23,23.45,84.75,65.17,6.94,5.4,2439.3,731.5,31.1,22.39,82.08,68.5,6.89,4.48,2396.4,647.7,20.13,13.15,89.33,90.75,4.29,7.99,AgStat_2025_ver_3_1
ofc,Maize,Other Field Crops,2023,Maha,69383.0,198601.0,2.86,924.3,402.6,30.65,21.12,89.83,69.0,6.1,4.17,1274.6,,30.03,21.05,84.5,67.67,6.2,3.48,939.2,326.4,19.37,11.97,91.83,93.0,3.9,6.63,AgStat_2024
ofc,Maize,Other Field Crops,2023,Yala,6599.0,22647.0,3.43,287.5,637.7,33.53,24.98,79.33,58.67,7.95,,905.6,532.3,31.6,23.3,80.0,68.5,7.32,5.65,720.8,364.2,20.43,13.62,88.5,89.17,4.93,10.22,AgStat_2024
ofc,Maize,Other Field Crops,2024,Annual,72701.0,223496.0,3.07,1549.9,1008.8,32.21,23.91,85.17,64.42,6.9,,2111.4,868.9,31.43,22.56,81.42,66.08,7.09,4.09,2021.0,730.4,20.71,13.28,91.67,91.67,4.77,8.82,AgStat_2025_ver_3_1
ofc,Maize,Other Field Crops,2024,Maha,65300.0,196871.0,3.01,1322.5,428.7,31.02,22.83,89.0,69.0,6.13,,1504.8,494.2,31.38,21.78,82.67,64.5,7.17,3.15,1857.4,328.8,20.62,12.8,92.0,93.83,4.53,5.68,AgStat_2025_ver_3_1
ofc,Maize,Other Field Crops,2024,Yala,7402.0,26626.0,3.6,553.2,581.9,33.32,25.2,81.67,63.17,7.4,,974.5,495.3,31.62,23.52,81.17,70.0,6.72,4.95,813.0,345.9,20.87,13.97,91.0,91.0,4.13,11.67,AgStat_2025_ver_3_1
ofc,Manioc,Root & Tubers,2016,Annual,22754.0,324080.0,14.24,1125.1,1088.1,32.73,23.59,82.83,60.33,7.88,5.84,1554.4,1099.7,31.56,23.34,81.08,66.5,7.39,6.12,2403.9,617.1,18.14,12.72,86.83,90.17,4.61,8.18,Agstat2018
ofc,Manioc,Root & Tubers,2016,Maha,13044.0,184256.0,14.126,76.4,233.5,32.8,21.93,86.67,57.67,8.07,4.97,134.3,295.8,32.2,22.0,81.33,58.0,8.3,5.3,286.6,179.9,19.63,10.73,79.33,85.0,6.57,4.37,AgStat_2017
ofc,Manioc,Root & Tubers,2016,Yala,9710.0,139824.0,14.4,668.2,638.2,33.27,24.98,79.5,59.17,8.55,7.02,983.3,558.2,31.58,24.43,79.0,67.17,7.28,9.3,989.9,312.1,15.97,13.43,90.33,91.83,4.55,12.32,AgStat_2017
ofc,Manioc,Root & Tubers,2017,Annual,22087.0,306347.0,13.87,1507.0,1020.2,32.52,23.16,84.0,62.83,,,1689.0,1067.5,30.96,23.07,82.25,67.33,7.12,5.26,1930.3,708.9,20.12,12.33,80.92,85.08,4.88,8.24,AgStat2019
ofc,Manioc,Root & Tubers,2017,Maha,12831.0,172369.0,13.43,788.8,427.2,31.43,21.6,87.17,62.67,6.37,4.37,850.8,511.4,30.83,21.8,83.83,67.5,7.33,4.26,1652.3,340.6,19.9,11.8,77.5,85.17,4.62,5.23,Agstat2018
ofc,Manioc,Root & Tubers,2017,Yala,9256.0,133978.0,14.47,589.8,605.6,33.72,24.45,80.17,59.0,,,783.6,558.5,31.47,24.2,81.17,68.17,7.1,6.23,636.5,353.5,20.53,13.1,85.0,86.5,4.78,10.47,Agstat2018
ofc,Manioc,Root & Tubers,2018,Annual,22361.0,323108.0,14.45,1624.3,1039.0,31.88,22.97,83.17,65.08,6.9,,2106.9,1005.5,30.78,22.28,82.83,67.33,7.07,5.62,2409.4,624.9,19.46,12.54,81.36,86.73,3.69,9.13,AgStat__vol_17___2020
ofc,Manioc,Root & Tubers,2018,Maha,13317.0,183384.0,13.77,615.3,466.9,31.67,22.07,85.5,64.0,,,594.5,533.0,30.67,21.82,82.33,63.67,7.27,4.1,1122.1,344.5,19.52,12.13,79.83,85.0,4.62,6.48,AgStat2019
ofc,Manioc,Root & Tubers,2018,Yala,9043.0,139724.0,15.45,802.8,604.0,32.62,24.25,79.5,60.83,7.77,,1129.8,512.3,30.85,23.32,82.33,69.17,6.92,6.33,1358.3,282.8,19.38,13.18,86.4,89.6,3.35,12.68,AgStat2019
ofc,Manioc,Root & Tubers,2019,Annual,20592.0,281075.0,13.65,1819.8,1078.2,32.38,23.62,81.83,63.0,7.35,4.31,1678.1,298.6,30.76,22.4,82.08,67.92,7.42,4.92,1712.7,701.1,19.46,12.67,79.67,83.42,3.91,8.11,AgStat_2021
ofc,Manioc,Root & Tubers,2019,Maha,12304.0,161364.0,13.11,759.4,450.7,31.28,21.9,87.67,71.5,7.22,5.5,926.5,502.1,30.93,21.17,84.17,66.67,7.7,4.4,839.9,347.5,19.55,11.82,75.33,82.83,3.88,5.38,AgStat__vol_17___2020
ofc,Manioc,Root & Tubers,2019,Yala,8288.0,119711.0,14.44,622.0,612.7,33.32,24.87,78.17,58.17,7.78,4.36,604.5,,30.68,23.43,80.67,68.5,7.42,6.05,760.1,353.7,19.53,13.63,82.67,82.67,4.3,10.7,AgStat__vol_17___2020
ofc,Manioc,Root & Tubers,2020,Annual,20689.0,314846.0,15.22,1181.1,1045.9,32.18,23.55,82.75,62.58,7.39,4.09,809.0,,31.12,22.92,82.5,67.42,7.39,4.83,1516.8,670.5,19.68,12.7,80.33,83.25,4.31,8.42,AgStat_2022
ofc,Manioc,Root & Tubers,2020,Maha,10967.0,167692.0,15.29,1196.5,470.0,31.55,22.52,83.83,64.83,7.18,3.48,1180.1,,31.2,21.65,83.17,64.83,7.65,3.6,949.9,343.8,19.47,11.68,75.17,83.0,3.25,4.58,AgStat_2021
ofc,Manioc,Root & Tubers,2020,Yala,9722.0,147154.0,15.14,699.4,551.3,32.67,24.58,81.33,62.83,7.37,3.78,434.0,,31.12,23.82,82.5,72.33,6.77,5.43,837.7,314.4,19.48,13.58,85.67,85.17,4.55,10.73,AgStat_2021
ofc,Manioc,Root & Tubers,2021,Annual,20992.0,314382.0,14.98,1416.8,1007.0,31.82,23.49,84.75,66.83,7.13,5.24,2449.6,,30.58,22.67,82.75,69.67,6.92,4.65,2033.8,626.7,,12.72,83.42,87.67,3.93,8.99,AgStat_2023
ofc,Manioc,Root & Tubers,2021,Maha,11175.0,169217.0,15.14,590.1,443.8,30.98,22.47,87.67,70.83,6.55,4.88,471.1,,30.4,22.07,82.67,66.33,7.1,4.13,871.9,319.8,,12.1,78.83,86.0,3.73,7.0,AgStat_2022
ofc,Manioc,Root & Tubers,2021,Yala,9817.0,145166.0,14.79,451.6,590.1,32.78,24.62,80.5,61.5,7.93,6.12,1227.9,,30.73,23.52,82.33,72.5,7.07,5.22,927.3,321.5,,13.27,85.33,87.33,4.02,11.27,AgStat_2022
ofc,Manioc,Root and Tubers,2022,Annual,21091.0,307996.0,14.6,1436.3,959.5,31.7,23.1,85.58,64.75,7.03,5.17,2317.0,,30.52,22.3,83.33,68.75,6.6,4.92,1844.4,638.4,,12.52,87.33,88.92,3.98,9.32,AgStat_2024
ofc,Manioc,Root & Tubers,2022,Maha,11653.0,169768.0,14.57,1025.4,405.7,31.2,22.4,89.5,67.67,6.53,4.18,1039.8,,30.65,21.72,83.17,65.17,6.75,4.18,900.4,326.6,,12.07,83.83,85.17,4.67,6.37,AgStat_2023
ofc,Manioc,Root & Tubers,2022,Yala,9438.0,138229.0,14.65,677.1,551.6,32.32,24.23,81.5,62.5,7.7,6.32,1200.1,,30.58,23.3,82.83,71.83,6.75,6.22,1074.9,290.3,,13.2,87.67,90.0,3.57,12.35,AgStat_2023
ofc,Manioc,Root & Tubers,2023,Annual,21968.0,356125.0,16.21,1758.5,1040.2,32.23,23.45,84.75,65.17,6.94,5.4,2439.3,731.5,31.1,22.39,82.08,68.5,6.89,4.48,2396.4,647.7,20.13,13.15,89.33,90.75,4.29,7.99,AgStat_2025_ver_3_1
ofc,Manioc,Root and Tubers,2023,Maha,12451.0,225869.0,18.14,924.3,402.6,30.65,21.12,89.83,69.0,6.1,4.17,1274.6,,30.03,21.05,84.5,67.67,6.2,3.48,939.2,326.4,19.37,11.97,91.83,93.0,3.9,6.63,AgStat_2024
ofc,Manioc,Root and Tubers,2023,Yala,9516.0,130257.0,13.69,287.5,637.7,33.53,24.98,79.33,58.67,7.95,,905.6,532.3,31.6,23.3,80.0,68.5,7.32,5.65,720.8,364.2,20.43,13.62,88.5,89.17,4.93,10.22,AgStat_2024
ofc,Manioc,Root & Tubers,2024,Annual,21685.0,312237.0,14.4,1549.9,1008.8,32.21,23.91,85.17,64.42,6.9,,2111.4,868.9,31.43,22.56,81.42,66.08,7.09,4.09,2021.0,730.4,20.71,13.28,91.67,91.67,4.77,8.82,AgStat_2025_ver_3_1
ofc,Manioc,Root & Tubers,2024,Maha,11680.0,170953.0,14.64,1322.5,428.7,31.02,22.83,89.0,69.0,6.13,,1504.8,494.2,31.38,21.78,82.67,64.5,7.17,3.15,1857.4,328.8,20.62,12.8,92.0,93.83,4.53,5.68,AgStat_2025_ver_3_1
ofc,Manioc,Root & Tubers,2024,Yala,10005.0,141283.0,14.12,553.2,581.9,33.32,25.2,81.67,63.17,7.4,,974.5,495.3,31.62,23.52,81.17,70.0,6.72,4.95,813.0,345.9,20.87,13.97,91.0,91.0,4.13,11.67,AgStat_2025_ver_3_1
ofc,Meneri,Other Field Crops,2016,Annual,32.0,25.0,0.78,1125.1,1088.1,32.73,23.59,82.83,60.33,7.88,5.84,1554.4,1099.7,31.56,23.34,81.08,66.5,7.39,6.12,2403.9,617.1,18.14,12.72,86.83,90.17,4.61,8.18,Agstat2018
ofc,Meneri,Other Field Crops,2016,Maha,14.0,12.0,0.857,76.4,233.5,32.8,21.93,86.67,57.67,8.07,4.97,134.3,295.8,32.2,22.0,81.33,58.0,8.3,5.3,286.6,179.9,19.63,10.73,79.33,85.0,6.57,4.37,AgStat_2017
ofc,Meneri,Other Field Crops,2016,Yala,18.0,13.0,0.722,668.2,638.2,33.27,24.98,79.5,59.17,8.55,7.02,983.3,558.2,31.58,24.43,79.0,67.17,7.28,9.3,989.9,312.1,15.97,13.43,90.33,91.83,4.55,12.32,AgStat_2017
ofc,Meneri,Other Field Crops,2017,Annual,41.0,34.0,0.83,1507.0,1020.2,32.52,23.16,84.0,62.83,,,1689.0,1067.5,30.96,23.07,82.25,67.33,7.12,5.26,1930.3,708.9,20.12,12.33,80.92,85.08,4.88,8.24,AgStat2019
ofc,Meneri,Other Field Crops,2017,Maha,13.0,12.0,0.92,788.8,427.2,31.43,21.6,87.17,62.67,6.37,4.37,850.8,511.4,30.83,21.8,83.83,67.5,7.33,4.26,1652.3,340.6,19.9,11.8,77.5,85.17,4.62,5.23,Agstat2018
ofc,Meneri,Other Field Crops,2017,Yala,28.0,22.0,0.79,589.8,605.6,33.72,24.45,80.17,59.0,,,783.6,558.5,31.47,24.2,81.17,68.17,7.1,6.23,636.5,353.5,20.53,13.1,85.0,86.5,4.78,10.47,Agstat2018
ofc,Meneri,Other Field Crops,2018,Annual,53.0,57.0,1.08,1624.3,1039.0,31.88,22.97,83.17,65.08,6.9,,2106.9,1005.5,30.78,22.28,82.83,67.33,7.07,5.62,2409.4,624.9,19.46,12.54,81.36,86.73,3.69,9.13,AgStat__vol_17___2020
ofc,Meneri,Other Field Crops,2018,Maha,19.0,20.0,1.06,615.3,466.9,31.67,22.07,85.5,64.0,,,594.5,533.0,30.67,21.82,82.33,63.67,7.27,4.1,1122.1,344.5,19.52,12.13,79.83,85.0,4.62,6.48,AgStat2019
ofc,Meneri,Other Field Crops,2018,Yala,34.0,37.0,1.1,802.8,604.0,32.62,24.25,79.5,60.83,7.77,,1129.8,512.3,30.85,23.32,82.33,69.17,6.92,6.33,1358.3,282.8,19.38,13.18,86.4,89.6,3.35,12.68,AgStat2019
ofc,Meneri,Other Field Crops,2019,Annual,70.0,68.0,0.97,1819.8,1078.2,32.38,23.62,81.83,63.0,7.35,4.31,1678.1,298.6,30.76,22.4,82.08,67.92,7.42,4.92,1712.7,701.1,19.46,12.67,79.67,83.42,3.91,8.11,AgStat_2021
ofc,Meneri,Other Field Crops,2019,Maha,42.0,52.0,1.24,759.4,450.7,31.28,21.9,87.67,71.5,7.22,5.5,926.5,502.1,30.93,21.17,84.17,66.67,7.7,4.4,839.9,347.5,19.55,11.82,75.33,82.83,3.88,5.38,AgStat__vol_17___2020
ofc,Meneri,Other Field Crops,2019,Yala,28.0,16.0,0.57,622.0,612.7,33.32,24.87,78.17,58.17,7.78,4.36,604.5,,30.68,23.43,80.67,68.5,7.42,6.05,760.1,353.7,19.53,13.63,82.67,82.67,4.3,10.7,AgStat__vol_17___2020
ofc,Meneri,Other Field Crops,2020,Annual,108.0,107.0,0.99,1181.1,1045.9,32.18,23.55,82.75,62.58,7.39,4.09,809.0,,31.12,22.92,82.5,67.42,7.39,4.83,1516.8,670.5,19.68,12.7,80.33,83.25,4.31,8.42,AgStat_2022
ofc,Meneri,Other Field Crops,2020,Maha,35.0,29.0,0.83,1196.5,470.0,31.55,22.52,83.83,64.83,7.18,3.48,1180.1,,31.2,21.65,83.17,64.83,7.65,3.6,949.9,343.8,19.47,11.68,75.17,83.0,3.25,4.58,AgStat_2021
ofc,Meneri,Other Field Crops,2020,Yala,74.0,78.0,1.06,699.4,551.3,32.67,24.58,81.33,62.83,7.37,3.78,434.0,,31.12,23.82,82.5,72.33,6.77,5.43,837.7,314.4,19.48,13.58,85.67,85.17,4.55,10.73,AgStat_2021
ofc,Meneri,Other Field Crops,2021,Annual,282.0,348.0,1.24,1416.8,1007.0,31.82,23.49,84.75,66.83,7.13,5.24,2449.6,,30.58,22.67,82.75,69.67,6.92,4.65,2033.8,626.7,,12.72,83.42,87.67,3.93,8.99,AgStat_2023
ofc,Meneri,Other Field Crops,2021,Maha,38.0,34.0,0.89,590.1,443.8,30.98,22.47,87.67,70.83,6.55,4.88,471.1,,30.4,22.07,82.67,66.33,7.1,4.13,871.9,319.8,,12.1,78.83,86.0,3.73,7.0,AgStat_2022
ofc,Meneri,Other Field Crops,2021,Yala,244.0,314.0,1.29,451.6,590.1,32.78,24.62,80.5,61.5,7.93,6.12,1227.9,,30.73,23.52,82.33,72.5,7.07,5.22,927.3,321.5,,13.27,85.33,87.33,4.02,11.27,AgStat_2022
ofc,Meneri,Other Field Crops,2022,Annual,257.0,318.0,1.24,1436.3,959.5,31.7,23.1,85.58,64.75,7.03,5.17,2317.0,,30.52,22.3,83.33,68.75,6.6,4.92,1844.4,638.4,,12.52,87.33,88.92,3.98,9.32,AgStat_2024
ofc,Meneri,Other Field Crops,2022,Maha,97.0,117.0,1.21,1025.4,405.7,31.2,22.4,89.5,67.67,6.53,4.18,1039.8,,30.65,21.72,83.17,65.17,6.75,4.18,900.4,326.6,,12.07,83.83,85.17,4.67,6.37,AgStat_2023
ofc,Meneri,Other Field Crops,2022,Yala,161.0,201.0,1.25,677.1,551.6,32.32,24.23,81.5,62.5,7.7,6.32,1200.1,,30.58,23.3,82.83,71.83,6.75,6.22,1074.9,290.3,,13.2,87.67,90.0,3.57,12.35,AgStat_2023
ofc,Meneri,Other Field Crops,2023,Annual,289.0,375.0,1.3,1758.5,1040.2,32.23,23.45,84.75,65.17,6.94,5.4,2439.3,731.5,31.1,22.39,82.08,68.5,6.89,4.48,2396.4,647.7,20.13,13.15,89.33,90.75,4.29,7.99,AgStat_2025_ver_3_1
ofc,Meneri,Other Field Crops,2023,Maha,100.0,143.0,1.43,924.3,402.6,30.65,21.12,89.83,69.0,6.1,4.17,1274.6,,30.03,21.05,84.5,67.67,6.2,3.48,939.2,326.4,19.37,11.97,91.83,93.0,3.9,6.63,AgStat_2024
ofc,Meneri,Other Field Crops,2023,Yala,189.0,233.0,1.23,287.5,637.7,33.53,24.98,79.33,58.67,7.95,,905.6,532.3,31.6,23.3,80.0,68.5,7.32,5.65,720.8,364.2,20.43,13.62,88.5,89.17,4.93,10.22,AgStat_2024
ofc,Meneri,Other Field Crops,2024,Annual,121.0,123.0,1.01,1549.9,1008.8,32.21,23.91,85.17,64.42,6.9,,2111.4,868.9,31.43,22.56,81.42,66.08,7.09,4.09,2021.0,730.4,20.71,13.28,91.67,91.67,4.77,8.82,AgStat_2025_ver_3_1
ofc,Meneri,Other Field Crops,2024,Maha,42.0,44.0,1.07,1322.5,428.7,31.02,22.83,89.0,69.0,6.13,,1504.8,494.2,31.38,21.78,82.67,64.5,7.17,3.15,1857.4,328.8,20.62,12.8,92.0,93.83,4.53,5.68,AgStat_2025_ver_3_1
ofc,Meneri,Other Field Crops,2024,Yala,80.0,78.0,0.98,553.2,581.9,33.32,25.2,81.67,63.17,7.4,,974.5,495.3,31.62,23.52,81.17,70.0,6.72,4.95,813.0,345.9,20.87,13.97,91.0,91.0,4.13,11.67,AgStat_2025_ver_3_1
ofc,Potato,Root & Tubers,2016,Annual,5754.0,95805.0,16.65,1125.1,1088.1,32.73,23.59,82.83,60.33,7.88,5.84,1554.4,1099.7,31.56,23.34,81.08,66.5,7.39,6.12,2403.9,617.1,18.14,12.72,86.83,90.17,4.61,8.18,Agstat2018
ofc,Potato,Root & Tubers,2016,Maha,2857.0,48542.0,16.991,76.4,233.5,32.8,21.93,86.67,57.67,8.07,4.97,134.3,295.8,32.2,22.0,81.33,58.0,8.3,5.3,286.6,179.9,19.63,10.73,79.33,85.0,6.57,4.37,AgStat_2017
ofc,Potato,Root & Tubers,2016,Yala,2897.0,47263.0,16.314,668.2,638.2,33.27,24.98,79.5,59.17,8.55,7.02,983.3,558.2,31.58,24.43,79.0,67.17,7.28,9.3,989.9,312.1,15.97,13.43,90.33,91.83,4.55,12.32,AgStat_2017
ofc,Potato,Root & Tubers,2017,Annual,4457.0,73358.0,16.46,1507.0,1020.2,32.52,23.16,84.0,62.83,,,1689.0,1067.5,30.96,23.07,82.25,67.33,7.12,5.26,1930.3,708.9,20.12,12.33,80.92,85.08,4.88,8.24,AgStat2019
ofc,Potato,Root & Tubers,2017,Maha,1739.0,28381.0,16.32,788.8,427.2,31.43,21.6,87.17,62.67,6.37,4.37,850.8,511.4,30.83,21.8,83.83,67.5,7.33,4.26,1652.3,340.6,19.9,11.8,77.5,85.17,4.62,5.23,Agstat2018
ofc,Potato,Root & Tubers,2017,Yala,2718.0,44977.0,16.55,589.8,605.6,33.72,24.45,80.17,59.0,,,783.6,558.5,31.47,24.2,81.17,68.17,7.1,6.23,636.5,353.5,20.53,13.1,85.0,86.5,4.78,10.47,Agstat2018
ofc,Potato,Root & Tubers,2018,Annual,5174.0,88897.0,17.18,1624.3,1039.0,31.88,22.97,83.17,65.08,6.9,,2106.9,1005.5,30.78,22.28,82.83,67.33,7.07,5.62,2409.4,624.9,19.46,12.54,81.36,86.73,3.69,9.13,AgStat__vol_17___2020
ofc,Potato,Root & Tubers,2018,Maha,2757.0,42741.0,15.5,615.3,466.9,31.67,22.07,85.5,64.0,,,594.5,533.0,30.67,21.82,82.33,63.67,7.27,4.1,1122.1,344.5,19.52,12.13,79.83,85.0,4.62,6.48,AgStat2019
ofc,Potato,Root & Tubers,2018,Yala,2417.0,46156.0,19.1,802.8,604.0,32.62,24.25,79.5,60.83,7.77,,1129.8,512.3,30.85,23.32,82.33,69.17,6.92,6.33,1358.3,282.8,19.38,13.18,86.4,89.6,3.35,12.68,AgStat2019
ofc,Potato,Root & Tubers,2019,Annual,5432.0,101642.0,18.71,1819.8,1078.2,32.38,23.62,81.83,63.0,7.35,4.31,1678.1,298.6,30.76,22.4,82.08,67.92,7.42,4.92,1712.7,701.1,19.46,12.67,79.67,83.42,3.91,8.11,AgStat_2021
ofc,Potato,Root & Tubers,2019,Maha,2466.0,42061.0,17.06,759.4,450.7,31.28,21.9,87.67,71.5,7.22,5.5,926.5,502.1,30.93,21.17,84.17,66.67,7.7,4.4,839.9,347.5,19.55,11.82,75.33,82.83,3.88,5.38,AgStat__vol_17___2020
ofc,Potato,Root & Tubers,2019,Yala,2966.0,59581.0,20.09,622.0,612.7,33.32,24.87,78.17,58.17,7.78,4.36,604.5,,30.68,23.43,80.67,68.5,7.42,6.05,760.1,353.7,19.53,13.63,82.67,82.67,4.3,10.7,AgStat__vol_17___2020
ofc,Potato,Root & Tubers,2020,Annual,3565.0,65085.0,18.26,1181.1,1045.9,32.18,23.55,82.75,62.58,7.39,4.09,809.0,,31.12,22.92,82.5,67.42,7.39,4.83,1516.8,670.5,19.68,12.7,80.33,83.25,4.31,8.42,AgStat_2022
ofc,Potato,Root & Tubers,2020,Maha,2069.0,34970.0,16.9,1196.5,470.0,31.55,22.52,83.83,64.83,7.18,3.48,1180.1,,31.2,21.65,83.17,64.83,7.65,3.6,949.9,343.8,19.47,11.68,75.17,83.0,3.25,4.58,AgStat_2021
ofc,Potato,Root & Tubers,2020,Yala,1496.0,30115.0,20.13,699.4,551.3,32.67,24.58,81.33,62.83,7.37,3.78,434.0,,31.12,23.82,82.5,72.33,6.77,5.43,837.7,314.4,19.48,13.58,85.67,85.17,4.55,10.73,AgStat_2021
ofc,Potato,Root & Tubers,2021,Annual,4623.0,75911.0,16.42,1416.8,1007.0,31.82,23.49,84.75,66.83,7.13,5.24,2449.6,,30.58,22.67,82.75,69.67,6.92,4.65,2033.8,626.7,,12.72,83.42,87.67,3.93,8.99,AgStat_2023
ofc,Potato,Root & Tubers,2021,Maha,2124.0,40008.0,18.84,590.1,443.8,30.98,22.47,87.67,70.83,6.55,4.88,471.1,,30.4,22.07,82.67,66.33,7.1,4.13,871.9,319.8,,12.1,78.83,86.0,3.73,7.0,AgStat_2022
ofc,Potato,Root & Tubers,2021,Yala,2499.0,35903.0,14.37,451.6,590.1,32.78,24.62,80.5,61.5,7.93,6.12,1227.9,,30.73,23.52,82.33,72.5,7.07,5.22,927.3,321.5,,13.27,85.33,87.33,4.02,11.27,AgStat_2022
ofc,Potato,Root and Tubers,2022,Annual,3455.0,47614.0,13.78,1436.3,959.5,31.7,23.1,85.58,64.75,7.03,5.17,2317.0,,30.52,22.3,83.33,68.75,6.6,4.92,1844.4,638.4,,12.52,87.33,88.92,3.98,9.32,AgStat_2024
ofc,Potato,Root & Tubers,2022,Maha,1641.0,19850.0,12.09,1025.4,405.7,31.2,22.4,89.5,67.67,6.53,4.18,1039.8,,30.65,21.72,83.17,65.17,6.75,4.18,900.4,326.6,,12.07,83.83,85.17,4.67,6.37,AgStat_2023
ofc,Potato,Root & Tubers,2022,Yala,1814.0,27764.0,15.31,677.1,551.6,32.32,24.23,81.5,62.5,7.7,6.32,1200.1,,30.58,23.3,82.83,71.83,6.75,6.22,1074.9,290.3,,13.2,87.67,90.0,3.57,12.35,AgStat_2023
ofc,Potato,Root & Tubers,2023,Annual,2813.0,40748.0,14.49,1758.5,1040.2,32.23,23.45,84.75,65.17,6.94,5.4,2439.3,731.5,31.1,22.39,82.08,68.5,6.89,4.48,2396.4,647.7,20.13,13.15,89.33,90.75,4.29,7.99,AgStat_2025_ver_3_1
ofc,Potato,Root and Tubers,2023,Maha,1247.0,19723.0,15.82,924.3,402.6,30.65,21.12,89.83,69.0,6.1,4.17,1274.6,,30.03,21.05,84.5,67.67,6.2,3.48,939.2,326.4,19.37,11.97,91.83,93.0,3.9,6.63,AgStat_2024
ofc,Potato,Root and Tubers,2023,Yala,1566.0,21026.0,13.42,287.5,637.7,33.53,24.98,79.33,58.67,7.95,,905.6,532.3,31.6,23.3,80.0,68.5,7.32,5.65,720.8,364.2,20.43,13.62,88.5,89.17,4.93,10.22,AgStat_2024
ofc,Potato,Root & Tubers,2024,Annual,3253.0,42207.0,12.98,1549.9,1008.8,32.21,23.91,85.17,64.42,6.9,,2111.4,868.9,31.43,22.56,81.42,66.08,7.09,4.09,2021.0,730.4,20.71,13.28,91.67,91.67,4.77,8.82,AgStat_2025_ver_3_1
ofc,Potato,Root & Tubers,2024,Maha,1702.0,21291.0,12.51,1322.5,428.7,31.02,22.83,89.0,69.0,6.13,,1504.8,494.2,31.38,21.78,82.67,64.5,7.17,3.15,1857.4,328.8,20.62,12.8,92.0,93.83,4.53,5.68,AgStat_2025_ver_3_1
ofc,Potato,Root & Tubers,2024,Yala,1551.0,20916.0,13.49,553.2,581.9,33.32,25.2,81.67,63.17,7.4,,974.5,495.3,31.62,23.52,81.17,70.0,6.72,4.95,813.0,345.9,20.87,13.97,91.0,91.0,4.13,11.67,AgStat_2025_ver_3_1
ofc,Red onion,Other Field Crops,2016,Annual,4994.0,63675.0,12.75,1125.1,1088.1,32.73,23.59,82.83,60.33,7.88,5.84,1554.4,1099.7,31.56,23.34,81.08,66.5,7.39,6.12,2403.9,617.1,18.14,12.72,86.83,90.17,4.61,8.18,Agstat2018
ofc,Red onion,Other Field Crops,2016,Maha,2583.0,35483.0,13.737,76.4,233.5,32.8,21.93,86.67,57.67,8.07,4.97,134.3,295.8,32.2,22.0,81.33,58.0,8.3,5.3,286.6,179.9,19.63,10.73,79.33,85.0,6.57,4.37,AgStat_2017
ofc,Red onion,Other Field Crops,2016,Yala,2411.0,28192.0,11.693,668.2,638.2,33.27,24.98,79.5,59.17,8.55,7.02,983.3,558.2,31.58,24.43,79.0,67.17,7.28,9.3,989.9,312.1,15.97,13.43,90.33,91.83,4.55,12.32,AgStat_2017
ofc,Red onion,Other Field Crops,2017,Annual,4167.0,57747.0,13.86,1507.0,1020.2,32.52,23.16,84.0,62.83,,,1689.0,1067.5,30.96,23.07,82.25,67.33,7.12,5.26,1930.3,708.9,20.12,12.33,80.92,85.08,4.88,8.24,AgStat2019
ofc,Red onion,Other Field Crops,2017,Maha,2295.0,33407.0,14.56,788.8,427.2,31.43,21.6,87.17,62.67,6.37,4.37,850.8,511.4,30.83,21.8,83.83,67.5,7.33,4.26,1652.3,340.6,19.9,11.8,77.5,85.17,4.62,5.23,Agstat2018
ofc,Red onion,Other Field Crops,2017,Yala,1872.0,24340.0,13.0,589.8,605.6,33.72,24.45,80.17,59.0,,,783.6,558.5,31.47,24.2,81.17,68.17,7.1,6.23,636.5,353.5,20.53,13.1,85.0,86.5,4.78,10.47,Agstat2018
ofc,Red onion,Other Field Crops,2018,Annual,4044.0,61073.0,15.1,1624.3,1039.0,31.88,22.97,83.17,65.08,6.9,,2106.9,1005.5,30.78,22.28,82.83,67.33,7.07,5.62,2409.4,624.9,19.46,12.54,81.36,86.73,3.69,9.13,AgStat__vol_17___2020
ofc,Red onion,Other Field Crops,2018,Maha,2159.0,34589.0,16.02,615.3,466.9,31.67,22.07,85.5,64.0,,,594.5,533.0,30.67,21.82,82.33,63.67,7.27,4.1,1122.1,344.5,19.52,12.13,79.83,85.0,4.62,6.48,AgStat2019
ofc,Red onion,Other Field Crops,2018,Yala,1885.0,26484.0,14.05,802.8,604.0,32.62,24.25,79.5,60.83,7.77,,1129.8,512.3,30.85,23.32,82.33,69.17,6.92,6.33,1358.3,282.8,19.38,13.18,86.4,89.6,3.35,12.68,AgStat2019
ofc,Red onion,Other Field Crops,2019,Annual,5333.0,58242.0,10.92,1819.8,1078.2,32.38,23.62,81.83,63.0,7.35,4.31,1678.1,298.6,30.76,22.4,82.08,67.92,7.42,4.92,1712.7,701.1,19.46,12.67,79.67,83.42,3.91,8.11,AgStat_2021
ofc,Red onion,Other Field Crops,2019,Maha,2382.0,33408.0,14.03,759.4,450.7,31.28,21.9,87.67,71.5,7.22,5.5,926.5,502.1,30.93,21.17,84.17,66.67,7.7,4.4,839.9,347.5,19.55,11.82,75.33,82.83,3.88,5.38,AgStat__vol_17___2020
ofc,Red onion,Other Field Crops,2019,Yala,2951.0,24834.0,9.58,622.0,612.7,33.32,24.87,78.17,58.17,7.78,4.36,604.5,,30.68,23.43,80.67,68.5,7.42,6.05,760.1,353.7,19.53,13.63,82.67,82.67,4.3,10.7,AgStat__vol_17___2020
ofc,Red onion,Other Field Crops,2020,Annual,4623.0,65874.0,14.25,1181.1,1045.9,32.18,23.55,82.75,62.58,7.39,4.09,809.0,,31.12,22.92,82.5,67.42,7.39,4.83,1516.8,670.5,19.68,12.7,80.33,83.25,4.31,8.42,AgStat_2022
ofc,Red onion,Other Field Crops,2020,Maha,2416.0,34212.0,14.16,1196.5,470.0,31.55,22.52,83.83,64.83,7.18,3.48,1180.1,,31.2,21.65,83.17,64.83,7.65,3.6,949.9,343.8,19.47,11.68,75.17,83.0,3.25,4.58,AgStat_2021
ofc,Red onion,Other Field Crops,2020,Yala,2207.0,31662.0,14.34,699.4,551.3,32.67,24.58,81.33,62.83,7.37,3.78,434.0,,31.12,23.82,82.5,72.33,6.77,5.43,837.7,314.4,19.48,13.58,85.67,85.17,4.55,10.73,AgStat_2021
ofc,Red onion,Other Field Crops,2021,Annual,4051.0,53784.0,13.28,1416.8,1007.0,31.82,23.49,84.75,66.83,7.13,5.24,2449.6,,30.58,22.67,82.75,69.67,6.92,4.65,2033.8,626.7,,12.72,83.42,87.67,3.93,8.99,AgStat_2023
ofc,Red onion,Other Field Crops,2021,Maha,2165.0,30828.0,14.24,590.1,443.8,30.98,22.47,87.67,70.83,6.55,4.88,471.1,,30.4,22.07,82.67,66.33,7.1,4.13,871.9,319.8,,12.1,78.83,86.0,3.73,7.0,AgStat_2022
ofc,Red onion,Other Field Crops,2021,Yala,1886.0,22955.0,12.17,451.6,590.1,32.78,24.62,80.5,61.5,7.93,6.12,1227.9,,30.73,23.52,82.33,72.5,7.07,5.22,927.3,321.5,,13.27,85.33,87.33,4.02,11.27,AgStat_2022
ofc,Red onion,Other Field Crops,2022,Annual,4000.0,49468.0,12.37,1436.3,959.5,31.7,23.1,85.58,64.75,7.03,5.17,2317.0,,30.52,22.3,83.33,68.75,6.6,4.92,1844.4,638.4,,12.52,87.33,88.92,3.98,9.32,AgStat_2024
ofc,Red onion,Other Field Crops,2022,Maha,2230.0,29903.0,13.41,1025.4,405.7,31.2,22.4,89.5,67.67,6.53,4.18,1039.8,,30.65,21.72,83.17,65.17,6.75,4.18,900.4,326.6,,12.07,83.83,85.17,4.67,6.37,AgStat_2023
ofc,Red onion,Other Field Crops,2022,Yala,1770.0,19565.0,11.05,677.1,551.6,32.32,24.23,81.5,62.5,7.7,6.32,1200.1,,30.58,23.3,82.83,71.83,6.75,6.22,1074.9,290.3,,13.2,87.67,90.0,3.57,12.35,AgStat_2023
ofc,Red onion,Root & Tubers,2023,Annual,3865.0,49351.0,12.77,1758.5,1040.2,32.23,23.45,84.75,65.17,6.94,5.4,2439.3,731.5,31.1,22.39,82.08,68.5,6.89,4.48,2396.4,647.7,20.13,13.15,89.33,90.75,4.29,7.99,AgStat_2025_ver_3_1
ofc,Red onion,Other Field Crops,2023,Maha,1884.0,26673.0,14.16,924.3,402.6,30.65,21.12,89.83,69.0,6.1,4.17,1274.6,,30.03,21.05,84.5,67.67,6.2,3.48,939.2,326.4,19.37,11.97,91.83,93.0,3.9,6.63,AgStat_2024
ofc,Red onion,Other Field Crops,2023,Yala,1981.0,22678.0,11.45,287.5,637.7,33.53,24.98,79.33,58.67,7.95,,905.6,532.3,31.6,23.3,80.0,68.5,7.32,5.65,720.8,364.2,20.43,13.62,88.5,89.17,4.93,10.22,AgStat_2024
ofc,Red onion,Root & Tubers,2024,Annual,3532.0,44511.0,12.6,1549.9,1008.8,32.21,23.91,85.17,64.42,6.9,,2111.4,868.9,31.43,22.56,81.42,66.08,7.09,4.09,2021.0,730.4,20.71,13.28,91.67,91.67,4.77,8.82,AgStat_2025_ver_3_1
ofc,Red onion,Root & Tubers,2024,Maha,1711.0,24762.0,14.47,1322.5,428.7,31.02,22.83,89.0,69.0,6.13,,1504.8,494.2,31.38,21.78,82.67,64.5,7.17,3.15,1857.4,328.8,20.62,12.8,92.0,93.83,4.53,5.68,AgStat_2025_ver_3_1
ofc,Red onion,Root & Tubers,2024,Yala,1821.0,19749.0,10.84,553.2,581.9,33.32,25.2,81.67,63.17,7.4,,974.5,495.3,31.62,23.52,81.17,70.0,6.72,4.95,813.0,345.9,20.87,13.97,91.0,91.0,4.13,11.67,AgStat_2025_ver_3_1
ofc,Sorghum,Other Field Crops,2016,Annual,78.0,161.0,2.06,1125.1,1088.1,32.73,23.59,82.83,60.33,7.88,5.84,1554.4,1099.7,31.56,23.34,81.08,66.5,7.39,6.12,2403.9,617.1,18.14,12.72,86.83,90.17,4.61,8.18,Agstat2018
ofc,Sorghum,Other Field Crops,2016,Maha,51.0,96.0,1.882,76.4,233.5,32.8,21.93,86.67,57.67,8.07,4.97,134.3,295.8,32.2,22.0,81.33,58.0,8.3,5.3,286.6,179.9,19.63,10.73,79.33,85.0,6.57,4.37,AgStat_2017
ofc,Sorghum,Other Field Crops,2016,Yala,27.0,65.0,2.407,668.2,638.2,33.27,24.98,79.5,59.17,8.55,7.02,983.3,558.2,31.58,24.43,79.0,67.17,7.28,9.3,989.9,312.1,15.97,13.43,90.33,91.83,4.55,12.32,AgStat_2017
ofc,Sorghum,Other Field Crops,2017,Annual,303.0,1300.0,4.29,1507.0,1020.2,32.52,23.16,84.0,62.83,,,1689.0,1067.5,30.96,23.07,82.25,67.33,7.12,5.26,1930.3,708.9,20.12,12.33,80.92,85.08,4.88,8.24,AgStat2019
ofc,Sorghum,Other Field Crops,2017,Maha,272.0,1229.0,4.52,788.8,427.2,31.43,21.6,87.17,62.67,6.37,4.37,850.8,511.4,30.83,21.8,83.83,67.5,7.33,4.26,1652.3,340.6,19.9,11.8,77.5,85.17,4.62,5.23,Agstat2018
ofc,Sorghum,Other Field Crops,2017,Yala,31.0,71.0,2.29,589.8,605.6,33.72,24.45,80.17,59.0,,,783.6,558.5,31.47,24.2,81.17,68.17,7.1,6.23,636.5,353.5,20.53,13.1,85.0,86.5,4.78,10.47,Agstat2018
ofc,Sorghum,Other Field Crops,2018,Annual,85.0,169.0,1.98,1624.3,1039.0,31.88,22.97,83.17,65.08,6.9,,2106.9,1005.5,30.78,22.28,82.83,67.33,7.07,5.62,2409.4,624.9,19.46,12.54,81.36,86.73,3.69,9.13,AgStat__vol_17___2020
ofc,Sorghum,Other Field Crops,2018,Maha,47.0,94.0,2.0,615.3,466.9,31.67,22.07,85.5,64.0,,,594.5,533.0,30.67,21.82,82.33,63.67,7.27,4.1,1122.1,344.5,19.52,12.13,79.83,85.0,4.62,6.48,AgStat2019
ofc,Sorghum,Other Field Crops,2018,Yala,38.0,75.0,1.95,802.8,604.0,32.62,24.25,79.5,60.83,7.77,,1129.8,512.3,30.85,23.32,82.33,69.17,6.92,6.33,1358.3,282.8,19.38,13.18,86.4,89.6,3.35,12.68,AgStat2019
ofc,Sorghum,Other Field Crops,2019,Annual,100.0,116.0,1.16,1819.8,1078.2,32.38,23.62,81.83,63.0,7.35,4.31,1678.1,298.6,30.76,22.4,82.08,67.92,7.42,4.92,1712.7,701.1,19.46,12.67,79.67,83.42,3.91,8.11,AgStat_2021
ofc,Sorghum,Other Field Crops,2019,Maha,65.0,85.0,1.31,759.4,450.7,31.28,21.9,87.67,71.5,7.22,5.5,926.5,502.1,30.93,21.17,84.17,66.67,7.7,4.4,839.9,347.5,19.55,11.82,75.33,82.83,3.88,5.38,AgStat__vol_17___2020
ofc,Sorghum,Other Field Crops,2019,Yala,35.0,51.0,0.89,622.0,612.7,33.32,24.87,78.17,58.17,7.78,4.36,604.5,,30.68,23.43,80.67,68.5,7.42,6.05,760.1,353.7,19.53,13.63,82.67,82.67,4.3,10.7,AgStat__vol_17___2020
ofc,Sorghum,Other Field Crops,2020,Annual,200.0,335.0,1.67,1181.1,1045.9,32.18,23.55,82.75,62.58,7.39,4.09,809.0,,31.12,22.92,82.5,67.42,7.39,4.83,1516.8,670.5,19.68,12.7,80.33,83.25,4.31,8.42,AgStat_2022
ofc,Sorghum,Other Field Crops,2020,Maha,96.0,163.0,1.7,1196.5,470.0,31.55,22.52,83.83,64.83,7.18,3.48,1180.1,,31.2,21.65,83.17,64.83,7.65,3.6,949.9,343.8,19.47,11.68,75.17,83.0,3.25,4.58,AgStat_2021
ofc,Sorghum,Other Field Crops,2020,Yala,104.0,172.0,1.65,699.4,551.3,32.67,24.58,81.33,62.83,7.37,3.78,434.0,,31.12,23.82,82.5,72.33,6.77,5.43,837.7,314.4,19.48,13.58,85.67,85.17,4.55,10.73,AgStat_2021
ofc,Sorghum,Other Field Crops,2021,Annual,176.0,321.0,1.82,1416.8,1007.0,31.82,23.49,84.75,66.83,7.13,5.24,2449.6,,30.58,22.67,82.75,69.67,6.92,4.65,2033.8,626.7,,12.72,83.42,87.67,3.93,8.99,AgStat_2023
ofc,Sorghum,Other Field Crops,2021,Maha,118.0,195.0,1.65,590.1,443.8,30.98,22.47,87.67,70.83,6.55,4.88,471.1,,30.4,22.07,82.67,66.33,7.1,4.13,871.9,319.8,,12.1,78.83,86.0,3.73,7.0,AgStat_2022
ofc,Sorghum,Other Field Crops,2021,Yala,58.0,125.0,2.15,451.6,590.1,32.78,24.62,80.5,61.5,7.93,6.12,1227.9,,30.73,23.52,82.33,72.5,7.07,5.22,927.3,321.5,,13.27,85.33,87.33,4.02,11.27,AgStat_2022
ofc,Sorghum,Other Field Crops,2022,Annual,66.0,80.0,1.22,1436.3,959.5,31.7,23.1,85.58,64.75,7.03,5.17,2317.0,,30.52,22.3,83.33,68.75,6.6,4.92,1844.4,638.4,,12.52,87.33,88.92,3.98,9.32,AgStat_2024
ofc,Sorghum,Other Field Crops,2022,Maha,34.0,27.0,0.8,1025.4,405.7,31.2,22.4,89.5,67.67,6.53,4.18,1039.8,,30.65,21.72,83.17,65.17,6.75,4.18,900.4,326.6,,12.07,83.83,85.17,4.67,6.37,AgStat_2023
ofc,Sorghum,Other Field Crops,2022,Yala,31.0,53.0,1.69,677.1,551.6,32.32,24.23,81.5,62.5,7.7,6.32,1200.1,,30.58,23.3,82.83,71.83,6.75,6.22,1074.9,290.3,,13.2,87.67,90.0,3.57,12.35,AgStat_2023
ofc,Sorghum,Other Field Crops,2023,Annual,91.0,227.0,2.49,1758.5,1040.2,32.23,23.45,84.75,65.17,6.94,5.4,2439.3,731.5,31.1,22.39,82.08,68.5,6.89,4.48,2396.4,647.7,20.13,13.15,89.33,90.75,4.29,7.99,AgStat_2025_ver_3_1
ofc,Sorghum,Other Field Crops,2023,Maha,67.0,187.0,2.78,924.3,402.6,30.65,21.12,89.83,69.0,6.1,4.17,1274.6,,30.03,21.05,84.5,67.67,6.2,3.48,939.2,326.4,19.37,11.97,91.83,93.0,3.9,6.63,AgStat_2024
ofc,Sorghum,Other Field Crops,2023,Yala,24.0,40.0,1.68,287.5,637.7,33.53,24.98,79.33,58.67,7.95,,905.6,532.3,31.6,23.3,80.0,68.5,7.32,5.65,720.8,364.2,20.43,13.62,88.5,89.17,4.93,10.22,AgStat_2024
ofc,Sorghum,Other Field Crops,2024,Annual,83.0,160.0,1.93,1549.9,1008.8,32.21,23.91,85.17,64.42,6.9,,2111.4,868.9,31.43,22.56,81.42,66.08,7.09,4.09,2021.0,730.4,20.71,13.28,91.67,91.67,4.77,8.82,AgStat_2025_ver_3_1
ofc,Sorghum,Other Field Crops,2024,Maha,59.0,121.0,2.07,1322.5,428.7,31.02,22.83,89.0,69.0,6.13,,1504.8,494.2,31.38,21.78,82.67,64.5,7.17,3.15,1857.4,328.8,20.62,12.8,92.0,93.83,4.53,5.68,AgStat_2025_ver_3_1
ofc,Sorghum,Other Field Crops,2024,Yala,24.0,38.0,1.59,553.2,581.9,33.32,25.2,81.67,63.17,7.4,,974.5,495.3,31.62,23.52,81.17,70.0,6.72,4.95,813.0,345.9,20.87,13.97,91.0,91.0,4.13,11.67,AgStat_2025_ver_3_1
ofc,Soya bean,Other Field Crops,2016,Annual,6301.0,7946.0,1.26,1125.1,1088.1,32.73,23.59,82.83,60.33,7.88,5.84,1554.4,1099.7,31.56,23.34,81.08,66.5,7.39,6.12,2403.9,617.1,18.14,12.72,86.83,90.17,4.61,8.18,Agstat2018
ofc,Soya bean,Other Field Crops,2016,Maha,207.0,432.0,2.087,76.4,233.5,32.8,21.93,86.67,57.67,8.07,4.97,134.3,295.8,32.2,22.0,81.33,58.0,8.3,5.3,286.6,179.9,19.63,10.73,79.33,85.0,6.57,4.37,AgStat_2017
ofc,Soya bean,Other Field Crops,2016,Yala,6094.0,7514.0,1.233,668.2,638.2,33.27,24.98,79.5,59.17,8.55,7.02,983.3,558.2,31.58,24.43,79.0,67.17,7.28,9.3,989.9,312.1,15.97,13.43,90.33,91.83,4.55,12.32,AgStat_2017
ofc,Soya bean,Other Field Crops,2017,Annual,8316.0,14363.0,1.73,1507.0,1020.2,32.52,23.16,84.0,62.83,,,1689.0,1067.5,30.96,23.07,82.25,67.33,7.12,5.26,1930.3,708.9,20.12,12.33,80.92,85.08,4.88,8.24,AgStat2019
ofc,Soya bean,Other Field Crops,2017,Maha,3095.0,5207.0,1.68,788.8,427.2,31.43,21.6,87.17,62.67,6.37,4.37,850.8,511.4,30.83,21.8,83.83,67.5,7.33,4.26,1652.3,340.6,19.9,11.8,77.5,85.17,4.62,5.23,Agstat2018
ofc,Soya bean,Other Field Crops,2017,Yala,5221.0,9156.0,1.75,589.8,605.6,33.72,24.45,80.17,59.0,,,783.6,558.5,31.47,24.2,81.17,68.17,7.1,6.23,636.5,353.5,20.53,13.1,85.0,86.5,4.78,10.47,Agstat2018
ofc,Soya bean,Other Field Crops,2018,Annual,1510.0,2500.0,1.66,1624.3,1039.0,31.88,22.97,83.17,65.08,6.9,,2106.9,1005.5,30.78,22.28,82.83,67.33,7.07,5.62,2409.4,624.9,19.46,12.54,81.36,86.73,3.69,9.13,AgStat__vol_17___2020
ofc,Soya bean,Other Field Crops,2018,Maha,720.0,1196.0,1.66,615.3,466.9,31.67,22.07,85.5,64.0,,,594.5,533.0,30.67,21.82,82.33,63.67,7.27,4.1,1122.1,344.5,19.52,12.13,79.83,85.0,4.62,6.48,AgStat2019
ofc,Soya bean,Other Field Crops,2018,Yala,791.0,1304.0,1.65,802.8,604.0,32.62,24.25,79.5,60.83,7.77,,1129.8,512.3,30.85,23.32,82.33,69.17,6.92,6.33,1358.3,282.8,19.38,13.18,86.4,89.6,3.35,12.68,AgStat2019
ofc,Soya bean,Other Field Crops,2019,Annual,914.0,2197.0,2.4,1819.8,1078.2,32.38,23.62,81.83,63.0,7.35,4.31,1678.1,298.6,30.76,22.4,82.08,67.92,7.42,4.92,1712.7,701.1,19.46,12.67,79.67,83.42,3.91,8.11,AgStat_2021
ofc,Soya bean,Other Field Crops,2019,Maha,191.0,304.0,1.59,759.4,450.7,31.28,21.9,87.67,71.5,7.22,5.5,926.5,502.1,30.93,21.17,84.17,66.67,7.7,4.4,839.9,347.5,19.55,11.82,75.33,82.83,3.88,5.38,AgStat__vol_17___2020
ofc,Soya bean,Other Field Crops,2019,Yala,723.0,1893.0,2.62,622.0,612.7,33.32,24.87,78.17,58.17,7.78,4.36,604.5,,30.68,23.43,80.67,68.5,7.42,6.05,760.1,353.7,19.53,13.63,82.67,82.67,4.3,10.7,AgStat__vol_17___2020
ofc,Soya bean,Other Field Crops,2020,Annual,3538.0,7879.0,2.23,1181.1,1045.9,32.18,23.55,82.75,62.58,7.39,4.09,809.0,,31.12,22.92,82.5,67.42,7.39,4.83,1516.8,670.5,19.68,12.7,80.33,83.25,4.31,8.42,AgStat_2022
ofc,Soya bean,Other Field Crops,2020,Maha,88.0,130.0,1.48,1196.5,470.0,31.55,22.52,83.83,64.83,7.18,3.48,1180.1,,31.2,21.65,83.17,64.83,7.65,3.6,949.9,343.8,19.47,11.68,75.17,83.0,3.25,4.58,AgStat_2021
ofc,Soya bean,Other Field Crops,2020,Yala,3450.0,7749.0,2.25,699.4,551.3,32.67,24.58,81.33,62.83,7.37,3.78,434.0,,31.12,23.82,82.5,72.33,6.77,5.43,837.7,314.4,19.48,13.58,85.67,85.17,4.55,10.73,AgStat_2021
ofc,Soya bean,Other Field Crops,2021,Annual,1915.0,3794.0,1.98,1416.8,1007.0,31.82,23.49,84.75,66.83,7.13,5.24,2449.6,,30.58,22.67,82.75,69.67,6.92,4.65,2033.8,626.7,,12.72,83.42,87.67,3.93,8.99,AgStat_2023
ofc,Soya bean,Other Field Crops,2021,Maha,80.0,1234.0,15.43,590.1,443.8,30.98,22.47,87.67,70.83,6.55,4.88,471.1,,30.4,22.07,82.67,66.33,7.1,4.13,871.9,319.8,,12.1,78.83,86.0,3.73,7.0,AgStat_2022
ofc,Soya bean,Other Field Crops,2021,Yala,1835.0,3670.0,2.0,451.6,590.1,32.78,24.62,80.5,61.5,7.93,6.12,1227.9,,30.73,23.52,82.33,72.5,7.07,5.22,927.3,321.5,,13.27,85.33,87.33,4.02,11.27,AgStat_2022
ofc,Soya bean,Other Field Crops,2022,Annual,1931.0,3842.0,1.99,1436.3,959.5,31.7,23.1,85.58,64.75,7.03,5.17,2317.0,,30.52,22.3,83.33,68.75,6.6,4.92,1844.4,638.4,,12.52,87.33,88.92,3.98,9.32,AgStat_2024
ofc,Soya bean,Other Field Crops,2022,Maha,211.0,341.0,1.62,1025.4,405.7,31.2,22.4,89.5,67.67,6.53,4.18,1039.8,,30.65,21.72,83.17,65.17,6.75,4.18,900.4,326.6,,12.07,83.83,85.17,4.67,6.37,AgStat_2023
ofc,Soya bean,Other Field Crops,2022,Yala,1720.0,3501.0,2.04,677.1,551.6,32.32,24.23,81.5,62.5,7.7,6.32,1200.1,,30.58,23.3,82.83,71.83,6.75,6.22,1074.9,290.3,,13.2,87.67,90.0,3.57,12.35,AgStat_2023
ofc,Soya bean,Other Field Crops,2023,Annual,3986.0,7780.0,1.95,1758.5,1040.2,32.23,23.45,84.75,65.17,6.94,5.4,2439.3,731.5,31.1,22.39,82.08,68.5,6.89,4.48,2396.4,647.7,20.13,13.15,89.33,90.75,4.29,7.99,AgStat_2025_ver_3_1
ofc,Soya bean,Other Field Crops,2023,Maha,272.0,456.0,1.68,924.3,402.6,30.65,21.12,89.83,69.0,6.1,4.17,1274.6,,30.03,21.05,84.5,67.67,6.2,3.48,939.2,326.4,19.37,11.97,91.83,93.0,3.9,6.63,AgStat_2024
ofc,Soya bean,Other Field Crops,2023,Yala,3714.0,7324.0,1.97,287.5,637.7,33.53,24.98,79.33,58.67,7.95,,905.6,532.3,31.6,23.3,80.0,68.5,7.32,5.65,720.8,364.2,20.43,13.62,88.5,89.17,4.93,10.22,AgStat_2024
ofc,Soya bean,Other Field Crops,2024,Annual,3215.0,6196.0,1.93,1549.9,1008.8,32.21,23.91,85.17,64.42,6.9,,2111.4,868.9,31.43,22.56,81.42,66.08,7.09,4.09,2021.0,730.4,20.71,13.28,91.67,91.67,4.77,8.82,AgStat_2025_ver_3_1
ofc,Soya bean,Other Field Crops,2024,Maha,289.0,508.0,1.76,1322.5,428.7,31.02,22.83,89.0,69.0,6.13,,1504.8,494.2,31.38,21.78,82.67,64.5,7.17,3.15,1857.4,328.8,20.62,12.8,92.0,93.83,4.53,5.68,AgStat_2025_ver_3_1
ofc,Soya bean,Other Field Crops,2024,Yala,2927.0,5688.0,1.94,553.2,581.9,33.32,25.2,81.67,63.17,7.4,,974.5,495.3,31.62,23.52,81.17,70.0,6.72,4.95,813.0,345.9,20.87,13.97,91.0,91.0,4.13,11.67,AgStat_2025_ver_3_1
ofc,Sweet potato,Root & Tubers,2016,Annual,4487.0,44715.0,9.97,1125.1,1088.1,32.73,23.59,82.83,60.33,7.88,5.84,1554.4,1099.7,31.56,23.34,81.08,66.5,7.39,6.12,2403.9,617.1,18.14,12.72,86.83,90.17,4.61,8.18,Agstat2018
ofc,Sweet potato,Root & Tubers,2016,Maha,2413.0,22388.0,9.278,76.4,233.5,32.8,21.93,86.67,57.67,8.07,4.97,134.3,295.8,32.2,22.0,81.33,58.0,8.3,5.3,286.6,179.9,19.63,10.73,79.33,85.0,6.57,4.37,AgStat_2017
ofc,Sweet potato,Root & Tubers,2016,Yala,2074.0,22327.0,10.765,668.2,638.2,33.27,24.98,79.5,59.17,8.55,7.02,983.3,558.2,31.58,24.43,79.0,67.17,7.28,9.3,989.9,312.1,15.97,13.43,90.33,91.83,4.55,12.32,AgStat_2017
ofc,Sweet potato,Root & Tubers,2017,Annual,3786.0,40693.0,10.75,1507.0,1020.2,32.52,23.16,84.0,62.83,,,1689.0,1067.5,30.96,23.07,82.25,67.33,7.12,5.26,1930.3,708.9,20.12,12.33,80.92,85.08,4.88,8.24,AgStat2019
ofc,Sweet potato,Root & Tubers,2017,Maha,2077.0,22239.0,10.71,788.8,427.2,31.43,21.6,87.17,62.67,6.37,4.37,850.8,511.4,30.83,21.8,83.83,67.5,7.33,4.26,1652.3,340.6,19.9,11.8,77.5,85.17,4.62,5.23,Agstat2018
ofc,Sweet potato,Root & Tubers,2017,Yala,1709.0,18454.0,10.8,589.8,605.6,33.72,24.45,80.17,59.0,,,783.6,558.5,31.47,24.2,81.17,68.17,7.1,6.23,636.5,353.5,20.53,13.1,85.0,86.5,4.78,10.47,Agstat2018
ofc,Sweet potato,Root & Tubers,2018,Annual,4099.0,43323.0,10.57,1624.3,1039.0,31.88,22.97,83.17,65.08,6.9,,2106.9,1005.5,30.78,22.28,82.83,67.33,7.07,5.62,2409.4,624.9,19.46,12.54,81.36,86.73,3.69,9.13,AgStat__vol_17___2020
ofc,Sweet potato,Root & Tubers,2018,Maha,2585.0,26584.0,10.28,615.3,466.9,31.67,22.07,85.5,64.0,,,594.5,533.0,30.67,21.82,82.33,63.67,7.27,4.1,1122.1,344.5,19.52,12.13,79.83,85.0,4.62,6.48,AgStat2019
ofc,Sweet potato,Root & Tubers,2018,Yala,1514.0,16739.0,11.06,802.8,604.0,32.62,24.25,79.5,60.83,7.77,,1129.8,512.3,30.85,23.32,82.33,69.17,6.92,6.33,1358.3,282.8,19.38,13.18,86.4,89.6,3.35,12.68,AgStat2019
ofc,Sweet potato,Root & Tubers,2019,Annual,3254.0,35607.0,10.94,1819.8,1078.2,32.38,23.62,81.83,63.0,7.35,4.31,1678.1,298.6,30.76,22.4,82.08,67.92,7.42,4.92,1712.7,701.1,19.46,12.67,79.67,83.42,3.91,8.11,AgStat_2021
ofc,Sweet potato,Root & Tubers,2019,Maha,1698.0,18064.0,10.64,759.4,450.7,31.28,21.9,87.67,71.5,7.22,5.5,926.5,502.1,30.93,21.17,84.17,66.67,7.7,4.4,839.9,347.5,19.55,11.82,75.33,82.83,3.88,5.38,AgStat__vol_17___2020
ofc,Sweet potato,Root & Tubers,2019,Yala,1556.0,17543.0,11.27,622.0,612.7,33.32,24.87,78.17,58.17,7.78,4.36,604.5,,30.68,23.43,80.67,68.5,7.42,6.05,760.1,353.7,19.53,13.63,82.67,82.67,4.3,10.7,AgStat__vol_17___2020
ofc,Sweet potato,Root & Tubers,2020,Annual,4065.0,44580.0,10.97,1181.1,1045.9,32.18,23.55,82.75,62.58,7.39,4.09,809.0,,31.12,22.92,82.5,67.42,7.39,4.83,1516.8,670.5,19.68,12.7,80.33,83.25,4.31,8.42,AgStat_2022
ofc,Sweet potato,Root & Tubers,2020,Maha,2007.0,23354.0,11.64,1196.5,470.0,31.55,22.52,83.83,64.83,7.18,3.48,1180.1,,31.2,21.65,83.17,64.83,7.65,3.6,949.9,343.8,19.47,11.68,75.17,83.0,3.25,4.58,AgStat_2021
ofc,Sweet potato,Root & Tubers,2020,Yala,2058.0,21226.0,10.31,699.4,551.3,32.67,24.58,81.33,62.83,7.37,3.78,434.0,,31.12,23.82,82.5,72.33,6.77,5.43,837.7,314.4,19.48,13.58,85.67,85.17,4.55,10.73,AgStat_2021
ofc,Sweet potato,Root & Tubers,2021,Annual,4017.0,43415.0,10.81,1416.8,1007.0,31.82,23.49,84.75,66.83,7.13,5.24,2449.6,,30.58,22.67,82.75,69.67,6.92,4.65,2033.8,626.7,,12.72,83.42,87.67,3.93,8.99,AgStat_2023
ofc,Sweet potato,Root & Tubers,2021,Maha,2210.0,23905.0,10.82,590.1,443.8,30.98,22.47,87.67,70.83,6.55,4.88,471.1,,30.4,22.07,82.67,66.33,7.1,4.13,871.9,319.8,,12.1,78.83,86.0,3.73,7.0,AgStat_2022
ofc,Sweet potato,Root & Tubers,2021,Yala,1807.0,19510.0,10.8,451.6,590.1,32.78,24.62,80.5,61.5,7.93,6.12,1227.9,,30.73,23.52,82.33,72.5,7.07,5.22,927.3,321.5,,13.27,85.33,87.33,4.02,11.27,AgStat_2022
ofc,Sweet potato,Root and Tubers,2022,Annual,4109.0,45039.0,10.96,1436.3,959.5,31.7,23.1,85.58,64.75,7.03,5.17,2317.0,,30.52,22.3,83.33,68.75,6.6,4.92,1844.4,638.4,,12.52,87.33,88.92,3.98,9.32,AgStat_2024
ofc,Sweet potato,Root & Tubers,2022,Maha,2118.0,22884.0,10.81,1025.4,405.7,31.2,22.4,89.5,67.67,6.53,4.18,1039.8,,30.65,21.72,83.17,65.17,6.75,4.18,900.4,326.6,,12.07,83.83,85.17,4.67,6.37,AgStat_2023
ofc,Sweet potato,Root & Tubers,2022,Yala,1991.0,22155.0,11.13,677.1,551.6,32.32,24.23,81.5,62.5,7.7,6.32,1200.1,,30.58,23.3,82.83,71.83,6.75,6.22,1074.9,290.3,,13.2,87.67,90.0,3.57,12.35,AgStat_2023
ofc,Sweet potato,Root & Tubers,2023,Annual,4472.0,53559.0,11.98,1758.5,1040.2,32.23,23.45,84.75,65.17,6.94,5.4,2439.3,731.5,31.1,22.39,82.08,68.5,6.89,4.48,2396.4,647.7,20.13,13.15,89.33,90.75,4.29,7.99,AgStat_2025_ver_3_1
ofc,Sweet potato,Root and Tubers,2023,Maha,2561.0,31544.0,12.32,924.3,402.6,30.65,21.12,89.83,69.0,6.1,4.17,1274.6,,30.03,21.05,84.5,67.67,6.2,3.48,939.2,326.4,19.37,11.97,91.83,93.0,3.9,6.63,AgStat_2024
ofc,Sweet potato,Root and Tubers,2023,Yala,1910.0,22014.0,11.52,287.5,637.7,33.53,24.98,79.33,58.67,7.95,,905.6,532.3,31.6,23.3,80.0,68.5,7.32,5.65,720.8,364.2,20.43,13.62,88.5,89.17,4.93,10.22,AgStat_2024
ofc,Sweet potato,Root & Tubers,2024,Annual,4479.0,49825.0,11.12,1549.9,1008.8,32.21,23.91,85.17,64.42,6.9,,2111.4,868.9,31.43,22.56,81.42,66.08,7.09,4.09,2021.0,730.4,20.71,13.28,91.67,91.67,4.77,8.82,AgStat_2025_ver_3_1
ofc,Sweet potato,Root & Tubers,2024,Maha,2389.0,25249.0,10.57,1322.5,428.7,31.02,22.83,89.0,69.0,6.13,,1504.8,494.2,31.38,21.78,82.67,64.5,7.17,3.15,1857.4,328.8,20.62,12.8,92.0,93.83,4.53,5.68,AgStat_2025_ver_3_1
ofc,Sweet potato,Root & Tubers,2024,Yala,2090.0,24576.0,11.76,553.2,581.9,33.32,25.2,81.67,63.17,7.4,,974.5,495.3,31.62,23.52,81.17,70.0,6.72,4.95,813.0,345.9,20.87,13.97,91.0,91.0,4.13,11.67,AgStat_2025_ver_3_1
vegetables,Ash plantain,Up country,2016,Annual,7203.0,82226.0,11.42,1125.1,1088.1,32.73,23.59,82.83,60.33,7.88,5.84,1554.4,1099.7,31.56,23.34,81.08,66.5,7.39,6.12,2403.9,617.1,18.14,12.72,86.83,90.17,4.61,8.18,Agstat2018
vegetables,Ash plantain,Up country,2016,Maha,4123.0,45976.0,11.15,76.4,233.5,32.8,21.93,86.67,57.67,8.07,4.97,134.3,295.8,32.2,22.0,81.33,58.0,8.3,5.3,286.6,179.9,19.63,10.73,79.33,85.0,6.57,4.37,AgStat_2017
vegetables,Ash plantain,Up country,2016,Yala,3080.0,36250.0,11.77,668.2,638.2,33.27,24.98,79.5,59.17,8.55,7.02,983.3,558.2,31.58,24.43,79.0,67.17,7.28,9.3,989.9,312.1,15.97,13.43,90.33,91.83,4.55,12.32,AgStat_2017
vegetables,Ash plantain,Up country,2017,Annual,6580.0,72702.0,11.05,1507.0,1020.2,32.52,23.16,84.0,62.83,,,1689.0,1067.5,30.96,23.07,82.25,67.33,7.12,5.26,1930.3,708.9,20.12,12.33,80.92,85.08,4.88,8.24,AgStat2019
vegetables,Ash plantain,Up country,2017,Maha,3500.0,39125.0,11.18,788.8,427.2,31.43,21.6,87.17,62.67,6.37,4.37,850.8,511.4,30.83,21.8,83.83,67.5,7.33,4.26,1652.3,340.6,19.9,11.8,77.5,85.17,4.62,5.23,Agstat2018
vegetables,Ash plantain,Up country,2017,Yala,3080.0,33577.0,10.9,589.8,605.6,33.72,24.45,80.17,59.0,,,783.6,558.5,31.47,24.2,81.17,68.17,7.1,6.23,636.5,353.5,20.53,13.1,85.0,86.5,4.78,10.47,Agstat2018
vegetables,Ash plantain,Up country,2018,Annual,7301.0,81200.0,11.12,1624.3,1039.0,31.88,22.97,83.17,65.08,6.9,,2106.9,1005.5,30.78,22.28,82.83,67.33,7.07,5.62,2409.4,624.9,19.46,12.54,81.36,86.73,3.69,9.13,AgStat__vol_17___2020
vegetables,Ash plantain,Up country,2018,Maha,4672.0,50368.0,10.78,615.3,466.9,31.67,22.07,85.5,64.0,,,594.5,533.0,30.67,21.82,82.33,63.67,7.27,4.1,1122.1,344.5,19.52,12.13,79.83,85.0,4.62,6.48,AgStat2019
vegetables,Ash plantain,Up country,2018,Yala,2629.0,30832.0,11.73,802.8,604.0,32.62,24.25,79.5,60.83,7.77,,1129.8,512.3,30.85,23.32,82.33,69.17,6.92,6.33,1358.3,282.8,19.38,13.18,86.4,89.6,3.35,12.68,AgStat2019
vegetables,Ash plantain,Up country,2019,Annual,5335.0,63460.0,11.9,1819.8,1078.2,32.38,23.62,81.83,63.0,7.35,4.31,1678.1,298.6,30.76,22.4,82.08,67.92,7.42,4.92,1712.7,701.1,19.46,12.67,79.67,83.42,3.91,8.11,AgStat_2021
vegetables,Ash plantain,Up country,2019,Maha,2878.0,37380.0,12.99,759.4,450.7,31.28,21.9,87.67,71.5,7.22,5.5,926.5,502.1,30.93,21.17,84.17,66.67,7.7,4.4,839.9,347.5,19.55,11.82,75.33,82.83,3.88,5.38,AgStat__vol_17___2020
vegetables,Ash plantain,Up country,2019,Yala,2457.0,26080.0,10.61,622.0,612.7,33.32,24.87,78.17,58.17,7.78,4.36,604.5,,30.68,23.43,80.67,68.5,7.42,6.05,760.1,353.7,19.53,13.63,82.67,82.67,4.3,10.7,AgStat__vol_17___2020
vegetables,Ash plantain,Up country,2020,Annual,5357.0,68129.0,12.72,1181.1,1045.9,32.18,23.55,82.75,62.58,7.39,4.09,809.0,,31.12,22.92,82.5,67.42,7.39,4.83,1516.8,670.5,19.68,12.7,80.33,83.25,4.31,8.42,AgStat_2022
vegetables,Ash plantain,Up country,2020,Maha,2997.0,39147.0,13.06,1196.5,470.0,31.55,22.52,83.83,64.83,7.18,3.48,1180.1,,31.2,21.65,83.17,64.83,7.65,3.6,949.9,343.8,19.47,11.68,75.17,83.0,3.25,4.58,AgStat_2021
vegetables,Ash plantain,Up country,2020,Yala,2360.0,28982.0,12.28,699.4,551.3,32.67,24.58,81.33,62.83,7.37,3.78,434.0,,31.12,23.82,82.5,72.33,6.77,5.43,837.7,314.4,19.48,13.58,85.67,85.17,4.55,10.73,AgStat_2021
vegetables,Ash plantain,Up country,2021,Annual,6336.0,68646.0,10.83,1416.8,1007.0,31.82,23.49,84.75,66.83,7.13,5.24,2449.6,,30.58,22.67,82.75,69.67,6.92,4.65,2033.8,626.7,,12.72,83.42,87.67,3.93,8.99,AgStat_2023
vegetables,Ash plantain,Up country,2021,Maha,2916.0,36741.0,12.6,590.1,443.8,30.98,22.47,87.67,70.83,6.55,4.88,471.1,,30.4,22.07,82.67,66.33,7.1,4.13,871.9,319.8,,12.1,78.83,86.0,3.73,7.0,AgStat_2022
vegetables,Ash plantain,Up country,2021,Yala,3420.0,31905.0,9.33,451.6,590.1,32.78,24.62,80.5,61.5,7.93,6.12,1227.9,,30.73,23.52,82.33,72.5,7.07,5.22,927.3,321.5,,13.27,85.33,87.33,4.02,11.27,AgStat_2022
vegetables,Ash plantain,Up country,2022,Annual,5197.0,60526.0,11.65,1436.3,959.5,31.7,23.1,85.58,64.75,7.03,5.17,2317.0,,30.52,22.3,83.33,68.75,6.6,4.92,1844.4,638.4,,12.52,87.33,88.92,3.98,9.32,AgStat_2024
vegetables,Ash plantain,Up country,2022,Maha,2925.0,35600.0,12.17,1025.4,405.7,31.2,22.4,89.5,67.67,6.53,4.18,1039.8,,30.65,21.72,83.17,65.17,6.75,4.18,900.4,326.6,,12.07,83.83,85.17,4.67,6.37,AgStat_2023
vegetables,Ash plantain,Up country,2022,Yala,2271.42,24925.96,10.97,677.1,551.6,32.32,24.23,81.5,62.5,7.7,6.32,1200.1,,30.58,23.3,82.83,71.83,6.75,6.22,1074.9,290.3,,13.2,87.67,90.0,3.57,12.35,AgStat_2023
vegetables,Ash plantain,Up country,2023,Annual,4949.0,58203.0,11.76,1758.5,1040.2,32.23,23.45,84.75,65.17,6.94,5.4,2439.3,731.5,31.1,22.39,82.08,68.5,6.89,4.48,2396.4,647.7,20.13,13.15,89.33,90.75,4.29,7.99,AgStat_2025_ver_3_1
vegetables,Ash plantain,Up country,2023,Maha,2884.0,35369.0,12.26,924.3,402.6,30.65,21.12,89.83,69.0,6.1,4.17,1274.6,,30.03,21.05,84.5,67.67,6.2,3.48,939.2,326.4,19.37,11.97,91.83,93.0,3.9,6.63,AgStat_2024
vegetables,Ash plantain,Up country,2023,Yala,2065.0,22833.0,11.05,287.5,637.7,33.53,24.98,79.33,58.67,7.95,,905.6,532.3,31.6,23.3,80.0,68.5,7.32,5.65,720.8,364.2,20.43,13.62,88.5,89.17,4.93,10.22,AgStat_2024
vegetables,Ash plantain,Up country,2024,Annual,5007.0,58260.0,11.63,1549.9,1008.8,32.21,23.91,85.17,64.42,6.9,,2111.4,868.9,31.43,22.56,81.42,66.08,7.09,4.09,2021.0,730.4,20.71,13.28,91.67,91.67,4.77,8.82,AgStat_2025_ver_3_1
vegetables,Ash plantain,Up country,2024,Maha,2754.0,33784.0,12.27,1322.5,428.7,31.02,22.83,89.0,69.0,6.13,,1504.8,494.2,31.38,21.78,82.67,64.5,7.17,3.15,1857.4,328.8,20.62,12.8,92.0,93.83,4.53,5.68,AgStat_2025_ver_3_1
vegetables,Ash plantain,Up country,2024,Yala,2253.0,24477.0,10.86,553.2,581.9,33.32,25.2,81.67,63.17,7.4,,974.5,495.3,31.62,23.52,81.17,70.0,6.72,4.95,813.0,345.9,20.87,13.97,91.0,91.0,4.13,11.67,AgStat_2025_ver_3_1
vegetables,Ash pumpkin,Up country,2016,Annual,994.0,12020.0,12.09,1125.1,1088.1,32.73,23.59,82.83,60.33,7.88,5.84,1554.4,1099.7,31.56,23.34,81.08,66.5,7.39,6.12,2403.9,617.1,18.14,12.72,86.83,90.17,4.61,8.18,Agstat2018
vegetables,Ash pumpkin,Up country,2016,Maha,579.0,8370.0,14.46,76.4,233.5,32.8,21.93,86.67,57.67,8.07,4.97,134.3,295.8,32.2,22.0,81.33,58.0,8.3,5.3,286.6,179.9,19.63,10.73,79.33,85.0,6.57,4.37,AgStat_2017
vegetables,Ash pumpkin,Up country,2016,Yala,415.0,3650.0,8.79,668.2,638.2,33.27,24.98,79.5,59.17,8.55,7.02,983.3,558.2,31.58,24.43,79.0,67.17,7.28,9.3,989.9,312.1,15.97,13.43,90.33,91.83,4.55,12.32,AgStat_2017
vegetables,Ash pumpkin,Up country,2017,Annual,579.0,8785.0,15.17,1507.0,1020.2,32.52,23.16,84.0,62.83,,,1689.0,1067.5,30.96,23.07,82.25,67.33,7.12,5.26,1930.3,708.9,20.12,12.33,80.92,85.08,4.88,8.24,AgStat2019
vegetables,Ash pumpkin,Up country,2017,Maha,322.0,5135.0,15.95,788.8,427.2,31.43,21.6,87.17,62.67,6.37,4.37,850.8,511.4,30.83,21.8,83.83,67.5,7.33,4.26,1652.3,340.6,19.9,11.8,77.5,85.17,4.62,5.23,Agstat2018
vegetables,Ash pumpkin,Up country,2017,Yala,257.0,3650.0,14.2,589.8,605.6,33.72,24.45,80.17,59.0,,,783.6,558.5,31.47,24.2,81.17,68.17,7.1,6.23,636.5,353.5,20.53,13.1,85.0,86.5,4.78,10.47,Agstat2018
vegetables,Ash pumpkin,Up country,2018,Annual,827.0,8920.0,10.78,1624.3,1039.0,31.88,22.97,83.17,65.08,6.9,,2106.9,1005.5,30.78,22.28,82.83,67.33,7.07,5.62,2409.4,624.9,19.46,12.54,81.36,86.73,3.69,9.13,AgStat__vol_17___2020
vegetables,Ash pumpkin,Up country,2018,Maha,579.0,5549.0,9.58,615.3,466.9,31.67,22.07,85.5,64.0,,,594.5,533.0,30.67,21.82,82.33,63.67,7.27,4.1,1122.1,344.5,19.52,12.13,79.83,85.0,4.62,6.48,AgStat2019
vegetables,Ash pumpkin,Up country,2018,Yala,248.0,3371.0,13.6,802.8,604.0,32.62,24.25,79.5,60.83,7.77,,1129.8,512.3,30.85,23.32,82.33,69.17,6.92,6.33,1358.3,282.8,19.38,13.18,86.4,89.6,3.35,12.68,AgStat2019
vegetables,Ash pumpkin,Up country,2019,Annual,720.0,10252.0,14.24,1819.8,1078.2,32.38,23.62,81.83,63.0,7.35,4.31,1678.1,298.6,30.76,22.4,82.08,67.92,7.42,4.92,1712.7,701.1,19.46,12.67,79.67,83.42,3.91,8.11,AgStat_2021
vegetables,Ash pumpkin,Up country,2019,Maha,418.0,6298.0,15.07,759.4,450.7,31.28,21.9,87.67,71.5,7.22,5.5,926.5,502.1,30.93,21.17,84.17,66.67,7.7,4.4,839.9,347.5,19.55,11.82,75.33,82.83,3.88,5.38,AgStat__vol_17___2020
vegetables,Ash pumpkin,Up country,2019,Yala,302.0,3954.0,13.09,622.0,612.7,33.32,24.87,78.17,58.17,7.78,4.36,604.5,,30.68,23.43,80.67,68.5,7.42,6.05,760.1,353.7,19.53,13.63,82.67,82.67,4.3,10.7,AgStat__vol_17___2020
vegetables,Ash pumpkin,Up country,2020,Annual,701.0,11425.0,16.3,1181.1,1045.9,32.18,23.55,82.75,62.58,7.39,4.09,809.0,,31.12,22.92,82.5,67.42,7.39,4.83,1516.8,670.5,19.68,12.7,80.33,83.25,4.31,8.42,AgStat_2022
vegetables,Ash pumpkin,Up country,2020,Maha,449.0,7050.0,15.7,1196.5,470.0,31.55,22.52,83.83,64.83,7.18,3.48,1180.1,,31.2,21.65,83.17,64.83,7.65,3.6,949.9,343.8,19.47,11.68,75.17,83.0,3.25,4.58,AgStat_2021
vegetables,Ash pumpkin,Up country,2020,Yala,252.0,4375.0,17.35,699.4,551.3,32.67,24.58,81.33,62.83,7.37,3.78,434.0,,31.12,23.82,82.5,72.33,6.77,5.43,837.7,314.4,19.48,13.58,85.67,85.17,4.55,10.73,AgStat_2021
vegetables,Ash pumpkin,Up country,2021,Annual,666.0,11324.0,17.0,1416.8,1007.0,31.82,23.49,84.75,66.83,7.13,5.24,2449.6,,30.58,22.67,82.75,69.67,6.92,4.65,2033.8,626.7,,12.72,83.42,87.67,3.93,8.99,AgStat_2023
vegetables,Ash pumpkin,Up country,2021,Maha,402.0,7622.0,18.95,590.1,443.8,30.98,22.47,87.67,70.83,6.55,4.88,471.1,,30.4,22.07,82.67,66.33,7.1,4.13,871.9,319.8,,12.1,78.83,86.0,3.73,7.0,AgStat_2022
vegetables,Ash pumpkin,Up country,2021,Yala,264.0,3702.0,14.02,451.6,590.1,32.78,24.62,80.5,61.5,7.93,6.12,1227.9,,30.73,23.52,82.33,72.5,7.07,5.22,927.3,321.5,,13.27,85.33,87.33,4.02,11.27,AgStat_2022
vegetables,Ash pumpkin,Up country,2022,Annual,664.0,10500.0,15.8,1436.3,959.5,31.7,23.1,85.58,64.75,7.03,5.17,2317.0,,30.52,22.3,83.33,68.75,6.6,4.92,1844.4,638.4,,12.52,87.33,88.92,3.98,9.32,AgStat_2024
vegetables,Ash pumpkin,Up country,2022,Maha,416.0,6999.0,16.82,1025.4,405.7,31.2,22.4,89.5,67.67,6.53,4.18,1039.8,,30.65,21.72,83.17,65.17,6.75,4.18,900.4,326.6,,12.07,83.83,85.17,4.67,6.37,AgStat_2023
vegetables,Ash pumpkin,Up country,2022,Yala,248.43,3500.23,14.09,677.1,551.6,32.32,24.23,81.5,62.5,7.7,6.32,1200.1,,30.58,23.3,82.83,71.83,6.75,6.22,1074.9,290.3,,13.2,87.67,90.0,3.57,12.35,AgStat_2023
vegetables,Ash pumpkin,Up country,2023,Annual,653.0,9128.0,13.97,1758.5,1040.2,32.23,23.45,84.75,65.17,6.94,5.4,2439.3,731.5,31.1,22.39,82.08,68.5,6.89,4.48,2396.4,647.7,20.13,13.15,89.33,90.75,4.29,7.99,AgStat_2025_ver_3_1
vegetables,Ash pumpkin,Up country,2023,Maha,434.0,6056.0,13.95,924.3,402.6,30.65,21.12,89.83,69.0,6.1,4.17,1274.6,,30.03,21.05,84.5,67.67,6.2,3.48,939.2,326.4,19.37,11.97,91.83,93.0,3.9,6.63,AgStat_2024
vegetables,Ash pumpkin,Up country,2023,Yala,219.0,3072.0,14.02,287.5,637.7,33.53,24.98,79.33,58.67,7.95,,905.6,532.3,31.6,23.3,80.0,68.5,7.32,5.65,720.8,364.2,20.43,13.62,88.5,89.17,4.93,10.22,AgStat_2024
vegetables,Ash pumpkin,Up country,2024,Annual,681.0,10461.0,15.36,1549.9,1008.8,32.21,23.91,85.17,64.42,6.9,,2111.4,868.9,31.43,22.56,81.42,66.08,7.09,4.09,2021.0,730.4,20.71,13.28,91.67,91.67,4.77,8.82,AgStat_2025_ver_3_1
vegetables,Ash pumpkin,Up country,2024,Maha,456.0,7001.0,15.35,1322.5,428.7,31.02,22.83,89.0,69.0,6.13,,1504.8,494.2,31.38,21.78,82.67,64.5,7.17,3.15,1857.4,328.8,20.62,12.8,92.0,93.83,4.53,5.68,AgStat_2025_ver_3_1
vegetables,Ash pumpkin,Up country,2024,Yala,225.0,3460.0,15.36,553.2,581.9,33.32,25.2,81.67,63.17,7.4,,974.5,495.3,31.62,23.52,81.17,70.0,6.72,4.95,813.0,345.9,20.87,13.97,91.0,91.0,4.13,11.67,AgStat_2025_ver_3_1
vegetables,Bean,,2016,Annual,8528.0,83366.0,9.78,1125.1,1088.1,32.73,23.59,82.83,60.33,7.88,5.84,1554.4,1099.7,31.56,23.34,81.08,66.5,7.39,6.12,2403.9,617.1,18.14,12.72,86.83,90.17,4.61,8.18,Agstat2018
vegetables,Bean,,2016,Maha,5016.0,44100.0,8.79,76.4,233.5,32.8,21.93,86.67,57.67,8.07,4.97,134.3,295.8,32.2,22.0,81.33,58.0,8.3,5.3,286.6,179.9,19.63,10.73,79.33,85.0,6.57,4.37,AgStat_2017
vegetables,Bean,,2016,Yala,3512.0,39266.0,11.18,668.2,638.2,33.27,24.98,79.5,59.17,8.55,7.02,983.3,558.2,31.58,24.43,79.0,67.17,7.28,9.3,989.9,312.1,15.97,13.43,90.33,91.83,4.55,12.32,AgStat_2017
vegetables,Bean,,2017,Annual,7723.0,87385.0,11.31,1507.0,1020.2,32.52,23.16,84.0,62.83,,,1689.0,1067.5,30.96,23.07,82.25,67.33,7.12,5.26,1930.3,708.9,20.12,12.33,80.92,85.08,4.88,8.24,AgStat2019
vegetables,Bean,,2017,Maha,4382.0,49995.0,11.41,788.8,427.2,31.43,21.6,87.17,62.67,6.37,4.37,850.8,511.4,30.83,21.8,83.83,67.5,7.33,4.26,1652.3,340.6,19.9,11.8,77.5,85.17,4.62,5.23,Agstat2018
vegetables,Bean,,2017,Yala,3341.0,37390.0,11.19,589.8,605.6,33.72,24.45,80.17,59.0,,,783.6,558.5,31.47,24.2,81.17,68.17,7.1,6.23,636.5,353.5,20.53,13.1,85.0,86.5,4.78,10.47,Agstat2018
vegetables,Bean,,2018,Annual,7344.0,83966.0,11.43,1624.3,1039.0,31.88,22.97,83.17,65.08,6.9,,2106.9,1005.5,30.78,22.28,82.83,67.33,7.07,5.62,2409.4,624.9,19.46,12.54,81.36,86.73,3.69,9.13,AgStat__vol_17___2020
vegetables,Bean,,2018,Maha,4079.0,50795.0,12.45,615.3,466.9,31.67,22.07,85.5,64.0,,,594.5,533.0,30.67,21.82,82.33,63.67,7.27,4.1,1122.1,344.5,19.52,12.13,79.83,85.0,4.62,6.48,AgStat2019
vegetables,Bean,,2018,Yala,3266.0,33171.0,10.16,802.8,604.0,32.62,24.25,79.5,60.83,7.77,,1129.8,512.3,30.85,23.32,82.33,69.17,6.92,6.33,1358.3,282.8,19.38,13.18,86.4,89.6,3.35,12.68,AgStat2019
vegetables,Bean,,2019,Annual,6461.0,65450.0,10.13,1819.8,1078.2,32.38,23.62,81.83,63.0,7.35,4.31,1678.1,298.6,30.76,22.4,82.08,67.92,7.42,4.92,1712.7,701.1,19.46,12.67,79.67,83.42,3.91,8.11,AgStat_2021
vegetables,Bean,,2019,Maha,3549.0,38680.0,10.9,759.4,450.7,31.28,21.9,87.67,71.5,7.22,5.5,926.5,502.1,30.93,21.17,84.17,66.67,7.7,4.4,839.9,347.5,19.55,11.82,75.33,82.83,3.88,5.38,AgStat__vol_17___2020
vegetables,Bean,,2019,Yala,2912.0,26770.0,9.19,622.0,612.7,33.32,24.87,78.17,58.17,7.78,4.36,604.5,,30.68,23.43,80.67,68.5,7.42,6.05,760.1,353.7,19.53,13.63,82.67,82.67,4.3,10.7,AgStat__vol_17___2020
vegetables,Bean,,2020,Annual,7830.0,82973.0,10.6,1181.1,1045.9,32.18,23.55,82.75,62.58,7.39,4.09,809.0,,31.12,22.92,82.5,67.42,7.39,4.83,1516.8,670.5,19.68,12.7,80.33,83.25,4.31,8.42,AgStat_2022
vegetables,Bean,,2020,Maha,4261.0,42655.0,10.01,1196.5,470.0,31.55,22.52,83.83,64.83,7.18,3.48,1180.1,,31.2,21.65,83.17,64.83,7.65,3.6,949.9,343.8,19.47,11.68,75.17,83.0,3.25,4.58,AgStat_2021
vegetables,Bean,,2020,Yala,3568.0,40318.0,11.3,699.4,551.3,32.67,24.58,81.33,62.83,7.37,3.78,434.0,,31.12,23.82,82.5,72.33,6.77,5.43,837.7,314.4,19.48,13.58,85.67,85.17,4.55,10.73,AgStat_2021
vegetables,Bean,,2021,Annual,7597.0,76864.0,10.12,1416.8,1007.0,31.82,23.49,84.75,66.83,7.13,5.24,2449.6,,30.58,22.67,82.75,69.67,6.92,4.65,2033.8,626.7,,12.72,83.42,87.67,3.93,8.99,AgStat_2023
vegetables,Bean,,2021,Maha,4116.0,40184.0,9.76,590.1,443.8,30.98,22.47,87.67,70.83,6.55,4.88,471.1,,30.4,22.07,82.67,66.33,7.1,4.13,871.9,319.8,,12.1,78.83,86.0,3.73,7.0,AgStat_2022
vegetables,Bean,,2021,Yala,3481.0,36680.0,10.54,451.6,590.1,32.78,24.62,80.5,61.5,7.93,6.12,1227.9,,30.73,23.52,82.33,72.5,7.07,5.22,927.3,321.5,,13.27,85.33,87.33,4.02,11.27,AgStat_2022
vegetables,Bean,,2022,Annual,6484.0,68182.0,10.52,1436.3,959.5,31.7,23.1,85.58,64.75,7.03,5.17,2317.0,,30.52,22.3,83.33,68.75,6.6,4.92,1844.4,638.4,,12.52,87.33,88.92,3.98,9.32,AgStat_2024
vegetables,Bean,,2022,Maha,3157.0,34253.0,10.85,1025.4,405.7,31.2,22.4,89.5,67.67,6.53,4.18,1039.8,,30.65,21.72,83.17,65.17,6.75,4.18,900.4,326.6,,12.07,83.83,85.17,4.67,6.37,AgStat_2023
vegetables,Bean,,2022,Yala,3327.27,33928.72,10.2,677.1,551.6,32.32,24.23,81.5,62.5,7.7,6.32,1200.1,,30.58,23.3,82.83,71.83,6.75,6.22,1074.9,290.3,,13.2,87.67,90.0,3.57,12.35,AgStat_2023
vegetables,Bean,,2023,Annual,5737.0,66422.0,11.58,1758.5,1040.2,32.23,23.45,84.75,65.17,6.94,5.4,2439.3,731.5,31.1,22.39,82.08,68.5,6.89,4.48,2396.4,647.7,20.13,13.15,89.33,90.75,4.29,7.99,AgStat_2025_ver_3_1
vegetables,Bean,,2023,Maha,3278.0,41139.0,12.55,924.3,402.6,30.65,21.12,89.83,69.0,6.1,4.17,1274.6,,30.03,21.05,84.5,67.67,6.2,3.48,939.2,326.4,19.37,11.97,91.83,93.0,3.9,6.63,AgStat_2024
vegetables,Bean,,2023,Yala,2459.0,25283.0,10.28,287.5,637.7,33.53,24.98,79.33,58.67,7.95,,905.6,532.3,31.6,23.3,80.0,68.5,7.32,5.65,720.8,364.2,20.43,13.62,88.5,89.17,4.93,10.22,AgStat_2024
vegetables,Bean,,2024,Annual,5176.0,62473.0,12.07,1549.9,1008.8,32.21,23.91,85.17,64.42,6.9,,2111.4,868.9,31.43,22.56,81.42,66.08,7.09,4.09,2021.0,730.4,20.71,13.28,91.67,91.67,4.77,8.82,AgStat_2025_ver_3_1
vegetables,Bean,,2024,Maha,2628.0,36345.0,13.83,1322.5,428.7,31.02,22.83,89.0,69.0,6.13,,1504.8,494.2,31.38,21.78,82.67,64.5,7.17,3.15,1857.4,328.8,20.62,12.8,92.0,93.83,4.53,5.68,AgStat_2025_ver_3_1
vegetables,Bean,,2024,Yala,2548.0,26128.0,10.26,553.2,581.9,33.32,25.2,81.67,63.17,7.4,,974.5,495.3,31.62,23.52,81.17,70.0,6.72,4.95,813.0,345.9,20.87,13.97,91.0,91.0,4.13,11.67,AgStat_2025_ver_3_1
vegetables,Beetroot,,2016,Annual,2205.0,45097.0,20.45,1125.1,1088.1,32.73,23.59,82.83,60.33,7.88,5.84,1554.4,1099.7,31.56,23.34,81.08,66.5,7.39,6.12,2403.9,617.1,18.14,12.72,86.83,90.17,4.61,8.18,Agstat2018
vegetables,Beetroot,,2016,Maha,1145.0,24894.0,21.74,76.4,233.5,32.8,21.93,86.67,57.67,8.07,4.97,134.3,295.8,32.2,22.0,81.33,58.0,8.3,5.3,286.6,179.9,19.63,10.73,79.33,85.0,6.57,4.37,AgStat_2017
vegetables,Beetroot,,2016,Yala,1060.0,20203.0,19.05,668.2,638.2,33.27,24.98,79.5,59.17,8.55,7.02,983.3,558.2,31.58,24.43,79.0,67.17,7.28,9.3,989.9,312.1,15.97,13.43,90.33,91.83,4.55,12.32,AgStat_2017
vegetables,Beetroot,,2017,Annual,2162.0,34192.0,15.81,1507.0,1020.2,32.52,23.16,84.0,62.83,,,1689.0,1067.5,30.96,23.07,82.25,67.33,7.12,5.26,1930.3,708.9,20.12,12.33,80.92,85.08,4.88,8.24,AgStat2019
vegetables,Beetroot,,2017,Maha,1137.0,14180.0,12.47,788.8,427.2,31.43,21.6,87.17,62.67,6.37,4.37,850.8,511.4,30.83,21.8,83.83,67.5,7.33,4.26,1652.3,340.6,19.9,11.8,77.5,85.17,4.62,5.23,Agstat2018
vegetables,Beetroot,,2017,Yala,1025.0,20012.0,19.52,589.8,605.6,33.72,24.45,80.17,59.0,,,783.6,558.5,31.47,24.2,81.17,68.17,7.1,6.23,636.5,353.5,20.53,13.1,85.0,86.5,4.78,10.47,Agstat2018
vegetables,Beetroot,,2018,Annual,2234.0,51004.0,22.83,1624.3,1039.0,31.88,22.97,83.17,65.08,6.9,,2106.9,1005.5,30.78,22.28,82.83,67.33,7.07,5.62,2409.4,624.9,19.46,12.54,81.36,86.73,3.69,9.13,AgStat__vol_17___2020
vegetables,Beetroot,,2018,Maha,1279.0,31180.0,24.37,615.3,466.9,31.67,22.07,85.5,64.0,,,594.5,533.0,30.67,21.82,82.33,63.67,7.27,4.1,1122.1,344.5,19.52,12.13,79.83,85.0,4.62,6.48,AgStat2019
vegetables,Beetroot,,2018,Yala,955.0,19824.0,20.76,802.8,604.0,32.62,24.25,79.5,60.83,7.77,,1129.8,512.3,30.85,23.32,82.33,69.17,6.92,6.33,1358.3,282.8,19.38,13.18,86.4,89.6,3.35,12.68,AgStat2019
vegetables,Beetroot,,2019,Annual,1805.0,30048.0,16.65,1819.8,1078.2,32.38,23.62,81.83,63.0,7.35,4.31,1678.1,298.6,30.76,22.4,82.08,67.92,7.42,4.92,1712.7,701.1,19.46,12.67,79.67,83.42,3.91,8.11,AgStat_2021
vegetables,Beetroot,,2019,Maha,788.0,14757.0,18.73,759.4,450.7,31.28,21.9,87.67,71.5,7.22,5.5,926.5,502.1,30.93,21.17,84.17,66.67,7.7,4.4,839.9,347.5,19.55,11.82,75.33,82.83,3.88,5.38,AgStat__vol_17___2020
vegetables,Beetroot,,2019,Yala,1017.0,15291.0,15.04,622.0,612.7,33.32,24.87,78.17,58.17,7.78,4.36,604.5,,30.68,23.43,80.67,68.5,7.42,6.05,760.1,353.7,19.53,13.63,82.67,82.67,4.3,10.7,AgStat__vol_17___2020
vegetables,Beetroot,,2020,Annual,2192.0,36262.0,16.54,1181.1,1045.9,32.18,23.55,82.75,62.58,7.39,4.09,809.0,,31.12,22.92,82.5,67.42,7.39,4.83,1516.8,670.5,19.68,12.7,80.33,83.25,4.31,8.42,AgStat_2022
vegetables,Beetroot,,2020,Maha,1140.0,17068.0,14.97,1196.5,470.0,31.55,22.52,83.83,64.83,7.18,3.48,1180.1,,31.2,21.65,83.17,64.83,7.65,3.6,949.9,343.8,19.47,11.68,75.17,83.0,3.25,4.58,AgStat_2021
vegetables,Beetroot,,2020,Yala,1052.0,19194.0,18.24,699.4,551.3,32.67,24.58,81.33,62.83,7.37,3.78,434.0,,31.12,23.82,82.5,72.33,6.77,5.43,837.7,314.4,19.48,13.58,85.67,85.17,4.55,10.73,AgStat_2021
vegetables,Beetroot,,2021,Annual,2639.0,40992.0,15.53,1416.8,1007.0,31.82,23.49,84.75,66.83,7.13,5.24,2449.6,,30.58,22.67,82.75,69.67,6.92,4.65,2033.8,626.7,,12.72,83.42,87.67,3.93,8.99,AgStat_2023
vegetables,Beetroot,,2021,Maha,1130.0,16627.0,14.71,590.1,443.8,30.98,22.47,87.67,70.83,6.55,4.88,471.1,,30.4,22.07,82.67,66.33,7.1,4.13,871.9,319.8,,12.1,78.83,86.0,3.73,7.0,AgStat_2022
vegetables,Beetroot,,2021,Yala,1509.0,24365.0,16.15,451.6,590.1,32.78,24.62,80.5,61.5,7.93,6.12,1227.9,,30.73,23.52,82.33,72.5,7.07,5.22,927.3,321.5,,13.27,85.33,87.33,4.02,11.27,AgStat_2022
vegetables,Beetroot,,2022,Annual,2090.0,34189.0,16.36,1436.3,959.5,31.7,23.1,85.58,64.75,7.03,5.17,2317.0,,30.52,22.3,83.33,68.75,6.6,4.92,1844.4,638.4,,12.52,87.33,88.92,3.98,9.32,AgStat_2024
vegetables,Beetroot,,2022,Maha,1069.0,18609.0,17.4,1025.4,405.7,31.2,22.4,89.5,67.67,6.53,4.18,1039.8,,30.65,21.72,83.17,65.17,6.75,4.18,900.4,326.6,,12.07,83.83,85.17,4.67,6.37,AgStat_2023
vegetables,Beetroot,,2022,Yala,1020.57,15579.73,15.27,677.1,551.6,32.32,24.23,81.5,62.5,7.7,6.32,1200.1,,30.58,23.3,82.83,71.83,6.75,6.22,1074.9,290.3,,13.2,87.67,90.0,3.57,12.35,AgStat_2023
vegetables,Beetroot,,2023,Annual,2163.0,38622.0,17.86,1758.5,1040.2,32.23,23.45,84.75,65.17,6.94,5.4,2439.3,731.5,31.1,22.39,82.08,68.5,6.89,4.48,2396.4,647.7,20.13,13.15,89.33,90.75,4.29,7.99,AgStat_2025_ver_3_1
vegetables,Beetroot,,2023,Maha,1062.0,17178.0,16.17,924.3,402.6,30.65,21.12,89.83,69.0,6.1,4.17,1274.6,,30.03,21.05,84.5,67.67,6.2,3.48,939.2,326.4,19.37,11.97,91.83,93.0,3.9,6.63,AgStat_2024
vegetables,Beetroot,,2023,Yala,1101.0,21444.0,19.48,287.5,637.7,33.53,24.98,79.33,58.67,7.95,,905.6,532.3,31.6,23.3,80.0,68.5,7.32,5.65,720.8,364.2,20.43,13.62,88.5,89.17,4.93,10.22,AgStat_2024
vegetables,Beetroot,,2024,Annual,2099.0,37366.0,17.81,1549.9,1008.8,32.21,23.91,85.17,64.42,6.9,,2111.4,868.9,31.43,22.56,81.42,66.08,7.09,4.09,2021.0,730.4,20.71,13.28,91.67,91.67,4.77,8.82,AgStat_2025_ver_3_1
vegetables,Beetroot,,2024,Maha,1070.0,17332.0,16.21,1322.5,428.7,31.02,22.83,89.0,69.0,6.13,,1504.8,494.2,31.38,21.78,82.67,64.5,7.17,3.15,1857.4,328.8,20.62,12.8,92.0,93.83,4.53,5.68,AgStat_2025_ver_3_1
vegetables,Beetroot,,2024,Yala,1029.0,20034.0,19.47,553.2,581.9,33.32,25.2,81.67,63.17,7.4,,974.5,495.3,31.62,23.52,81.17,70.0,6.72,4.95,813.0,345.9,20.87,13.97,91.0,91.0,4.13,11.67,AgStat_2025_ver_3_1
vegetables,Bitter gourd,Up country,2016,Annual,3835.0,42101.0,10.98,1125.1,1088.1,32.73,23.59,82.83,60.33,7.88,5.84,1554.4,1099.7,31.56,23.34,81.08,66.5,7.39,6.12,2403.9,617.1,18.14,12.72,86.83,90.17,4.61,8.18,Agstat2018
vegetables,Bitter gourd,Up country,2016,Maha,2200.0,24719.0,11.24,76.4,233.5,32.8,21.93,86.67,57.67,8.07,4.97,134.3,295.8,32.2,22.0,81.33,58.0,8.3,5.3,286.6,179.9,19.63,10.73,79.33,85.0,6.57,4.37,AgStat_2017
vegetables,Bitter gourd,Up country,2016,Yala,1635.0,17382.0,10.63,668.2,638.2,33.27,24.98,79.5,59.17,8.55,7.02,983.3,558.2,31.58,24.43,79.0,67.17,7.28,9.3,989.9,312.1,15.97,13.43,90.33,91.83,4.55,12.32,AgStat_2017
vegetables,Bitter gourd,Up country,2017,Annual,3183.0,37012.0,11.63,1507.0,1020.2,32.52,23.16,84.0,62.83,,,1689.0,1067.5,30.96,23.07,82.25,67.33,7.12,5.26,1930.3,708.9,20.12,12.33,80.92,85.08,4.88,8.24,AgStat2019
vegetables,Bitter gourd,Up country,2017,Maha,1861.0,20234.0,10.87,788.8,427.2,31.43,21.6,87.17,62.67,6.37,4.37,850.8,511.4,30.83,21.8,83.83,67.5,7.33,4.26,1652.3,340.6,19.9,11.8,77.5,85.17,4.62,5.23,Agstat2018
vegetables,Bitter gourd,Up country,2017,Yala,1322.0,16778.0,12.69,589.8,605.6,33.72,24.45,80.17,59.0,,,783.6,558.5,31.47,24.2,81.17,68.17,7.1,6.23,636.5,353.5,20.53,13.1,85.0,86.5,4.78,10.47,Agstat2018
vegetables,Bitter gourd,Up country,2018,Annual,4306.0,47611.0,11.06,1624.3,1039.0,31.88,22.97,83.17,65.08,6.9,,2106.9,1005.5,30.78,22.28,82.83,67.33,7.07,5.62,2409.4,624.9,19.46,12.54,81.36,86.73,3.69,9.13,AgStat__vol_17___2020
vegetables,Bitter gourd,Up country,2018,Maha,2884.0,31115.0,10.79,615.3,466.9,31.67,22.07,85.5,64.0,,,594.5,533.0,30.67,21.82,82.33,63.67,7.27,4.1,1122.1,344.5,19.52,12.13,79.83,85.0,4.62,6.48,AgStat2019
vegetables,Bitter gourd,Up country,2018,Yala,1423.0,16496.0,11.6,802.8,604.0,32.62,24.25,79.5,60.83,7.77,,1129.8,512.3,30.85,23.32,82.33,69.17,6.92,6.33,1358.3,282.8,19.38,13.18,86.4,89.6,3.35,12.68,AgStat2019
vegetables,Bitter gourd,Up country,2019,Annual,3402.0,40970.0,12.04,1819.8,1078.2,32.38,23.62,81.83,63.0,7.35,4.31,1678.1,298.6,30.76,22.4,82.08,67.92,7.42,4.92,1712.7,701.1,19.46,12.67,79.67,83.42,3.91,8.11,AgStat_2021
vegetables,Bitter gourd,Up country,2019,Maha,1971.0,25004.0,12.69,759.4,450.7,31.28,21.9,87.67,71.5,7.22,5.5,926.5,502.1,30.93,21.17,84.17,66.67,7.7,4.4,839.9,347.5,19.55,11.82,75.33,82.83,3.88,5.38,AgStat__vol_17___2020
vegetables,Bitter gourd,Up country,2019,Yala,1431.0,15966.0,11.16,622.0,612.7,33.32,24.87,78.17,58.17,7.78,4.36,604.5,,30.68,23.43,80.67,68.5,7.42,6.05,760.1,353.7,19.53,13.63,82.67,82.67,4.3,10.7,AgStat__vol_17___2020
vegetables,Bitter gourd,Up country,2020,Annual,4101.0,47632.0,11.61,1181.1,1045.9,32.18,23.55,82.75,62.58,7.39,4.09,809.0,,31.12,22.92,82.5,67.42,7.39,4.83,1516.8,670.5,19.68,12.7,80.33,83.25,4.31,8.42,AgStat_2022
vegetables,Bitter gourd,Up country,2020,Maha,2184.0,26677.0,12.21,1196.5,470.0,31.55,22.52,83.83,64.83,7.18,3.48,1180.1,,31.2,21.65,83.17,64.83,7.65,3.6,949.9,343.8,19.47,11.68,75.17,83.0,3.25,4.58,AgStat_2021
vegetables,Bitter gourd,Up country,2020,Yala,1917.0,20955.0,10.93,699.4,551.3,32.67,24.58,81.33,62.83,7.37,3.78,434.0,,31.12,23.82,82.5,72.33,6.77,5.43,837.7,314.4,19.48,13.58,85.67,85.17,4.55,10.73,AgStat_2021
vegetables,Bitter gourd,Up country,2021,Annual,3815.0,47554.0,12.47,1416.8,1007.0,31.82,23.49,84.75,66.83,7.13,5.24,2449.6,,30.58,22.67,82.75,69.67,6.92,4.65,2033.8,626.7,,12.72,83.42,87.67,3.93,8.99,AgStat_2023
vegetables,Bitter gourd,Up country,2021,Maha,2160.0,25157.0,11.65,590.1,443.8,30.98,22.47,87.67,70.83,6.55,4.88,471.1,,30.4,22.07,82.67,66.33,7.1,4.13,871.9,319.8,,12.1,78.83,86.0,3.73,7.0,AgStat_2022
vegetables,Bitter gourd,Up country,2021,Yala,1655.0,22397.0,13.53,451.6,590.1,32.78,24.62,80.5,61.5,7.93,6.12,1227.9,,30.73,23.52,82.33,72.5,7.07,5.22,927.3,321.5,,13.27,85.33,87.33,4.02,11.27,AgStat_2022
vegetables,Bitter gourd,Up country,2022,Annual,3463.0,38145.0,11.02,1436.3,959.5,31.7,23.1,85.58,64.75,7.03,5.17,2317.0,,30.52,22.3,83.33,68.75,6.6,4.92,1844.4,638.4,,12.52,87.33,88.92,3.98,9.32,AgStat_2024
vegetables,Bitter gourd,Up country,2022,Maha,1900.0,20788.0,10.94,1025.4,405.7,31.2,22.4,89.5,67.67,6.53,4.18,1039.8,,30.65,21.72,83.17,65.17,6.75,4.18,900.4,326.6,,12.07,83.83,85.17,4.67,6.37,AgStat_2023
vegetables,Bitter gourd,Up country,2022,Yala,1562.79,17357.02,11.11,677.1,551.6,32.32,24.23,81.5,62.5,7.7,6.32,1200.1,,30.58,23.3,82.83,71.83,6.75,6.22,1074.9,290.3,,13.2,87.67,90.0,3.57,12.35,AgStat_2023
vegetables,Bitter gourd,Up country,2023,Annual,3426.0,35281.0,10.3,1758.5,1040.2,32.23,23.45,84.75,65.17,6.94,5.4,2439.3,731.5,31.1,22.39,82.08,68.5,6.89,4.48,2396.4,647.7,20.13,13.15,89.33,90.75,4.29,7.99,AgStat_2025_ver_3_1
vegetables,Bitter gourd,Up country,2023,Maha,1948.0,19932.0,10.23,924.3,402.6,30.65,21.12,89.83,69.0,6.1,4.17,1274.6,,30.03,21.05,84.5,67.67,6.2,3.48,939.2,326.4,19.37,11.97,91.83,93.0,3.9,6.63,AgStat_2024
vegetables,Bitter gourd,Up country,2023,Yala,1478.0,15349.0,10.38,287.5,637.7,33.53,24.98,79.33,58.67,7.95,,905.6,532.3,31.6,23.3,80.0,68.5,7.32,5.65,720.8,364.2,20.43,13.62,88.5,89.17,4.93,10.22,AgStat_2024
vegetables,Bitter gourd,Up country,2024,Annual,3483.0,35424.0,10.17,1549.9,1008.8,32.21,23.91,85.17,64.42,6.9,,2111.4,868.9,31.43,22.56,81.42,66.08,7.09,4.09,2021.0,730.4,20.71,13.28,91.67,91.67,4.77,8.82,AgStat_2025_ver_3_1
vegetables,Bitter gourd,Up country,2024,Maha,1898.0,18702.0,9.85,1322.5,428.7,31.02,22.83,89.0,69.0,6.13,,1504.8,494.2,31.38,21.78,82.67,64.5,7.17,3.15,1857.4,328.8,20.62,12.8,92.0,93.83,4.53,5.68,AgStat_2025_ver_3_1
vegetables,Bitter gourd,Up country,2024,Yala,1585.0,16722.0,10.55,553.2,581.9,33.32,25.2,81.67,63.17,7.4,,974.5,495.3,31.62,23.52,81.17,70.0,6.72,4.95,813.0,345.9,20.87,13.97,91.0,91.0,4.13,11.67,AgStat_2025_ver_3_1
vegetables,Brinjal,Up country,2016,Annual,10296.0,127194.0,12.35,1125.1,1088.1,32.73,23.59,82.83,60.33,7.88,5.84,1554.4,1099.7,31.56,23.34,81.08,66.5,7.39,6.12,2403.9,617.1,18.14,12.72,86.83,90.17,4.61,8.18,Agstat2018
vegetables,Brinjal,Up country,2016,Maha,5662.0,68542.0,12.11,76.4,233.5,32.8,21.93,86.67,57.67,8.07,4.97,134.3,295.8,32.2,22.0,81.33,58.0,8.3,5.3,286.6,179.9,19.63,10.73,79.33,85.0,6.57,4.37,AgStat_2017
vegetables,Brinjal,Up country,2016,Yala,4634.0,58652.0,12.66,668.2,638.2,33.27,24.98,79.5,59.17,8.55,7.02,983.3,558.2,31.58,24.43,79.0,67.17,7.28,9.3,989.9,312.1,15.97,13.43,90.33,91.83,4.55,12.32,AgStat_2017
vegetables,Brinjal,Up country,2017,Annual,9665.0,108856.0,11.26,1507.0,1020.2,32.52,23.16,84.0,62.83,,,1689.0,1067.5,30.96,23.07,82.25,67.33,7.12,5.26,1930.3,708.9,20.12,12.33,80.92,85.08,4.88,8.24,AgStat2019
vegetables,Brinjal,Up country,2017,Maha,5650.0,61809.0,10.94,788.8,427.2,31.43,21.6,87.17,62.67,6.37,4.37,850.8,511.4,30.83,21.8,83.83,67.5,7.33,4.26,1652.3,340.6,19.9,11.8,77.5,85.17,4.62,5.23,Agstat2018
vegetables,Brinjal,Up country,2017,Yala,4015.0,47047.0,11.72,589.8,605.6,33.72,24.45,80.17,59.0,,,783.6,558.5,31.47,24.2,81.17,68.17,7.1,6.23,636.5,353.5,20.53,13.1,85.0,86.5,4.78,10.47,Agstat2018
vegetables,Brinjal,Up country,2018,Annual,10834.0,129212.0,11.93,1624.3,1039.0,31.88,22.97,83.17,65.08,6.9,,2106.9,1005.5,30.78,22.28,82.83,67.33,7.07,5.62,2409.4,624.9,19.46,12.54,81.36,86.73,3.69,9.13,AgStat__vol_17___2020
vegetables,Brinjal,Up country,2018,Maha,6697.0,78247.0,11.68,615.3,466.9,31.67,22.07,85.5,64.0,,,594.5,533.0,30.67,21.82,82.33,63.67,7.27,4.1,1122.1,344.5,19.52,12.13,79.83,85.0,4.62,6.48,AgStat2019
vegetables,Brinjal,Up country,2018,Yala,4137.0,50965.0,12.32,802.8,604.0,32.62,24.25,79.5,60.83,7.77,,1129.8,512.3,30.85,23.32,82.33,69.17,6.92,6.33,1358.3,282.8,19.38,13.18,86.4,89.6,3.35,12.68,AgStat2019
vegetables,Brinjal,Up country,2019,Annual,9877.0,134863.0,13.65,1819.8,1078.2,32.38,23.62,81.83,63.0,7.35,4.31,1678.1,298.6,30.76,22.4,82.08,67.92,7.42,4.92,1712.7,701.1,19.46,12.67,79.67,83.42,3.91,8.11,AgStat_2021
vegetables,Brinjal,Up country,2019,Maha,5499.0,67194.0,12.22,759.4,450.7,31.28,21.9,87.67,71.5,7.22,5.5,926.5,502.1,30.93,21.17,84.17,66.67,7.7,4.4,839.9,347.5,19.55,11.82,75.33,82.83,3.88,5.38,AgStat__vol_17___2020
vegetables,Brinjal,Up country,2019,Yala,4378.0,67669.0,15.46,622.0,612.7,33.32,24.87,78.17,58.17,7.78,4.36,604.5,,30.68,23.43,80.67,68.5,7.42,6.05,760.1,353.7,19.53,13.63,82.67,82.67,4.3,10.7,AgStat__vol_17___2020
vegetables,Brinjal,Up country,2020,Annual,11109.0,141882.0,12.77,1181.1,1045.9,32.18,23.55,82.75,62.58,7.39,4.09,809.0,,31.12,22.92,82.5,67.42,7.39,4.83,1516.8,670.5,19.68,12.7,80.33,83.25,4.31,8.42,AgStat_2022
vegetables,Brinjal,Up country,2020,Maha,5938.0,75052.0,12.64,1196.5,470.0,31.55,22.52,83.83,64.83,7.18,3.48,1180.1,,31.2,21.65,83.17,64.83,7.65,3.6,949.9,343.8,19.47,11.68,75.17,83.0,3.25,4.58,AgStat_2021
vegetables,Brinjal,Up country,2020,Yala,5171.0,66830.0,12.92,699.4,551.3,32.67,24.58,81.33,62.83,7.37,3.78,434.0,,31.12,23.82,82.5,72.33,6.77,5.43,837.7,314.4,19.48,13.58,85.67,85.17,4.55,10.73,AgStat_2021
vegetables,Brinjal,Up country,2021,Annual,10723.0,129516.0,12.08,1416.8,1007.0,31.82,23.49,84.75,66.83,7.13,5.24,2449.6,,30.58,22.67,82.75,69.67,6.92,4.65,2033.8,626.7,,12.72,83.42,87.67,3.93,8.99,AgStat_2023
vegetables,Brinjal,Up country,2021,Maha,5915.0,70766.0,11.96,590.1,443.8,30.98,22.47,87.67,70.83,6.55,4.88,471.1,,30.4,22.07,82.67,66.33,7.1,4.13,871.9,319.8,,12.1,78.83,86.0,3.73,7.0,AgStat_2022
vegetables,Brinjal,Up country,2021,Yala,4808.0,58750.0,12.22,451.6,590.1,32.78,24.62,80.5,61.5,7.93,6.12,1227.9,,30.73,23.52,82.33,72.5,7.07,5.22,927.3,321.5,,13.27,85.33,87.33,4.02,11.27,AgStat_2022
vegetables,Brinjal,Up country,2022,Annual,10772.0,128249.0,11.91,1436.3,959.5,31.7,23.1,85.58,64.75,7.03,5.17,2317.0,,30.52,22.3,83.33,68.75,6.6,4.92,1844.4,638.4,,12.52,87.33,88.92,3.98,9.32,AgStat_2024
vegetables,Brinjal,Up country,2022,Maha,5819.0,66621.0,11.45,1025.4,405.7,31.2,22.4,89.5,67.67,6.53,4.18,1039.8,,30.65,21.72,83.17,65.17,6.75,4.18,900.4,326.6,,12.07,83.83,85.17,4.67,6.37,AgStat_2023
vegetables,Brinjal,Up country,2022,Yala,4953.01,61627.88,12.44,677.1,551.6,32.32,24.23,81.5,62.5,7.7,6.32,1200.1,,30.58,23.3,82.83,71.83,6.75,6.22,1074.9,290.3,,13.2,87.67,90.0,3.57,12.35,AgStat_2023
vegetables,Brinjal,Up country,2023,Annual,11095.0,135087.0,12.18,1758.5,1040.2,32.23,23.45,84.75,65.17,6.94,5.4,2439.3,731.5,31.1,22.39,82.08,68.5,6.89,4.48,2396.4,647.7,20.13,13.15,89.33,90.75,4.29,7.99,AgStat_2025_ver_3_1
vegetables,Brinjal,Up country,2023,Maha,6485.0,80637.0,12.43,924.3,402.6,30.65,21.12,89.83,69.0,6.1,4.17,1274.6,,30.03,21.05,84.5,67.67,6.2,3.48,939.2,326.4,19.37,11.97,91.83,93.0,3.9,6.63,AgStat_2024
vegetables,Brinjal,Up country,2023,Yala,4610.0,54450.0,11.81,287.5,637.7,33.53,24.98,79.33,58.67,7.95,,905.6,532.3,31.6,23.3,80.0,68.5,7.32,5.65,720.8,364.2,20.43,13.62,88.5,89.17,4.93,10.22,AgStat_2024
vegetables,Brinjal,Up country,2024,Annual,14383.0,124244.0,8.64,1549.9,1008.8,32.21,23.91,85.17,64.42,6.9,,2111.4,868.9,31.43,22.56,81.42,66.08,7.09,4.09,2021.0,730.4,20.71,13.28,91.67,91.67,4.77,8.82,AgStat_2025_ver_3_1
vegetables,Brinjal,Up country,2024,Maha,9571.0,69583.0,7.27,1322.5,428.7,31.02,22.83,89.0,69.0,6.13,,1504.8,494.2,31.38,21.78,82.67,64.5,7.17,3.15,1857.4,328.8,20.62,12.8,92.0,93.83,4.53,5.68,AgStat_2025_ver_3_1
vegetables,Brinjal,Up country,2024,Yala,4812.0,54660.0,11.36,553.2,581.9,33.32,25.2,81.67,63.17,7.4,,974.5,495.3,31.62,23.52,81.17,70.0,6.72,4.95,813.0,345.9,20.87,13.97,91.0,91.0,4.13,11.67,AgStat_2025_ver_3_1
vegetables,Cabbage,,2016,Annual,4443.0,123365.0,27.77,1125.1,1088.1,32.73,23.59,82.83,60.33,7.88,5.84,1554.4,1099.7,31.56,23.34,81.08,66.5,7.39,6.12,2403.9,617.1,18.14,12.72,86.83,90.17,4.61,8.18,Agstat2018
vegetables,Cabbage,,2016,Maha,2559.0,65526.0,25.61,76.4,233.5,32.8,21.93,86.67,57.67,8.07,4.97,134.3,295.8,32.2,22.0,81.33,58.0,8.3,5.3,286.6,179.9,19.63,10.73,79.33,85.0,6.57,4.37,AgStat_2017
vegetables,Cabbage,,2016,Yala,1884.0,57839.0,30.71,668.2,638.2,33.27,24.98,79.5,59.17,8.55,7.02,983.3,558.2,31.58,24.43,79.0,67.17,7.28,9.3,989.9,312.1,15.97,13.43,90.33,91.83,4.55,12.32,AgStat_2017
vegetables,Cabbage,,2017,Annual,4224.0,99616.0,23.58,1507.0,1020.2,32.52,23.16,84.0,62.83,,,1689.0,1067.5,30.96,23.07,82.25,67.33,7.12,5.26,1930.3,708.9,20.12,12.33,80.92,85.08,4.88,8.24,AgStat2019
vegetables,Cabbage,,2017,Maha,2371.0,52022.0,21.94,788.8,427.2,31.43,21.6,87.17,62.67,6.37,4.37,850.8,511.4,30.83,21.8,83.83,67.5,7.33,4.26,1652.3,340.6,19.9,11.8,77.5,85.17,4.62,5.23,Agstat2018
vegetables,Cabbage,,2017,Yala,1853.0,47594.0,25.68,589.8,605.6,33.72,24.45,80.17,59.0,,,783.6,558.5,31.47,24.2,81.17,68.17,7.1,6.23,636.5,353.5,20.53,13.1,85.0,86.5,4.78,10.47,Agstat2018
vegetables,Cabbage,,2018,Annual,4202.0,111141.0,26.45,1624.3,1039.0,31.88,22.97,83.17,65.08,6.9,,2106.9,1005.5,30.78,22.28,82.83,67.33,7.07,5.62,2409.4,624.9,19.46,12.54,81.36,86.73,3.69,9.13,AgStat__vol_17___2020
vegetables,Cabbage,,2018,Maha,2423.0,64561.0,26.64,615.3,466.9,31.67,22.07,85.5,64.0,,,594.5,533.0,30.67,21.82,82.33,63.67,7.27,4.1,1122.1,344.5,19.52,12.13,79.83,85.0,4.62,6.48,AgStat2019
vegetables,Cabbage,,2018,Yala,1779.0,46580.0,26.19,802.8,604.0,32.62,24.25,79.5,60.83,7.77,,1129.8,512.3,30.85,23.32,82.33,69.17,6.92,6.33,1358.3,282.8,19.38,13.18,86.4,89.6,3.35,12.68,AgStat2019
vegetables,Cabbage,,2019,Annual,4153.0,116577.0,28.07,1819.8,1078.2,32.38,23.62,81.83,63.0,7.35,4.31,1678.1,298.6,30.76,22.4,82.08,67.92,7.42,4.92,1712.7,701.1,19.46,12.67,79.67,83.42,3.91,8.11,AgStat_2021
vegetables,Cabbage,,2019,Maha,2384.0,67356.0,28.25,759.4,450.7,31.28,21.9,87.67,71.5,7.22,5.5,926.5,502.1,30.93,21.17,84.17,66.67,7.7,4.4,839.9,347.5,19.55,11.82,75.33,82.83,3.88,5.38,AgStat__vol_17___2020
vegetables,Cabbage,,2019,Yala,1769.0,49221.0,27.82,622.0,612.7,33.32,24.87,78.17,58.17,7.78,4.36,604.5,,30.68,23.43,80.67,68.5,7.42,6.05,760.1,353.7,19.53,13.63,82.67,82.67,4.3,10.7,AgStat__vol_17___2020
vegetables,Cabbage,,2020,Annual,4562.0,125746.0,27.57,1181.1,1045.9,32.18,23.55,82.75,62.58,7.39,4.09,809.0,,31.12,22.92,82.5,67.42,7.39,4.83,1516.8,670.5,19.68,12.7,80.33,83.25,4.31,8.42,AgStat_2022
vegetables,Cabbage,,2020,Maha,2287.0,62289.0,27.24,1196.5,470.0,31.55,22.52,83.83,64.83,7.18,3.48,1180.1,,31.2,21.65,83.17,64.83,7.65,3.6,949.9,343.8,19.47,11.68,75.17,83.0,3.25,4.58,AgStat_2021
vegetables,Cabbage,,2020,Yala,2274.0,63457.0,27.9,699.4,551.3,32.67,24.58,81.33,62.83,7.37,3.78,434.0,,31.12,23.82,82.5,72.33,6.77,5.43,837.7,314.4,19.48,13.58,85.67,85.17,4.55,10.73,AgStat_2021
vegetables,Cabbage,,2021,Annual,4825.0,129107.0,26.76,1416.8,1007.0,31.82,23.49,84.75,66.83,7.13,5.24,2449.6,,30.58,22.67,82.75,69.67,6.92,4.65,2033.8,626.7,,12.72,83.42,87.67,3.93,8.99,AgStat_2023
vegetables,Cabbage,,2021,Maha,2376.0,63713.0,26.81,590.1,443.8,30.98,22.47,87.67,70.83,6.55,4.88,471.1,,30.4,22.07,82.67,66.33,7.1,4.13,871.9,319.8,,12.1,78.83,86.0,3.73,7.0,AgStat_2022
vegetables,Cabbage,,2021,Yala,2449.0,65394.0,26.71,451.6,590.1,32.78,24.62,80.5,61.5,7.93,6.12,1227.9,,30.73,23.52,82.33,72.5,7.07,5.22,927.3,321.5,,13.27,85.33,87.33,4.02,11.27,AgStat_2022
vegetables,Cabbage,,2022,Annual,4547.0,116662.0,25.66,1436.3,959.5,31.7,23.1,85.58,64.75,7.03,5.17,2317.0,,30.52,22.3,83.33,68.75,6.6,4.92,1844.4,638.4,,12.52,87.33,88.92,3.98,9.32,AgStat_2024
vegetables,Cabbage,,2022,Maha,2071.0,49593.0,23.95,1025.4,405.7,31.2,22.4,89.5,67.67,6.53,4.18,1039.8,,30.65,21.72,83.17,65.17,6.75,4.18,900.4,326.6,,12.07,83.83,85.17,4.67,6.37,AgStat_2023
vegetables,Cabbage,,2022,Yala,2475.53,67069.09,27.09,677.1,551.6,32.32,24.23,81.5,62.5,7.7,6.32,1200.1,,30.58,23.3,82.83,71.83,6.75,6.22,1074.9,290.3,,13.2,87.67,90.0,3.57,12.35,AgStat_2023
vegetables,Cabbage,,2023,Annual,4342.0,100084.0,23.05,1758.5,1040.2,32.23,23.45,84.75,65.17,6.94,5.4,2439.3,731.5,31.1,22.39,82.08,68.5,6.89,4.48,2396.4,647.7,20.13,13.15,89.33,90.75,4.29,7.99,AgStat_2025_ver_3_1
vegetables,Cabbage,,2023,Maha,2154.0,52310.0,24.29,924.3,402.6,30.65,21.12,89.83,69.0,6.1,4.17,1274.6,,30.03,21.05,84.5,67.67,6.2,3.48,939.2,326.4,19.37,11.97,91.83,93.0,3.9,6.63,AgStat_2024
vegetables,Cabbage,,2023,Yala,2188.0,47773.0,21.83,287.5,637.7,33.53,24.98,79.33,58.67,7.95,,905.6,532.3,31.6,23.3,80.0,68.5,7.32,5.65,720.8,364.2,20.43,13.62,88.5,89.17,4.93,10.22,AgStat_2024
vegetables,Cabbage,,2024,Annual,4497.0,106795.0,23.75,1549.9,1008.8,32.21,23.91,85.17,64.42,6.9,,2111.4,868.9,31.43,22.56,81.42,66.08,7.09,4.09,2021.0,730.4,20.71,13.28,91.67,91.67,4.77,8.82,AgStat_2025_ver_3_1
vegetables,Cabbage,,2024,Maha,2281.0,58552.0,25.67,1322.5,428.7,31.02,22.83,89.0,69.0,6.13,,1504.8,494.2,31.38,21.78,82.67,64.5,7.17,3.15,1857.4,328.8,20.62,12.8,92.0,93.83,4.53,5.68,AgStat_2025_ver_3_1
vegetables,Cabbage,,2024,Yala,2216.0,48242.0,21.77,553.2,581.9,33.32,25.2,81.67,63.17,7.4,,974.5,495.3,31.62,23.52,81.17,70.0,6.72,4.95,813.0,345.9,20.87,13.97,91.0,91.0,4.13,11.67,AgStat_2025_ver_3_1
vegetables,Capsicum,Up country,2016,Annual,3469.0,30433.0,8.77,1125.1,1088.1,32.73,23.59,82.83,60.33,7.88,5.84,1554.4,1099.7,31.56,23.34,81.08,66.5,7.39,6.12,2403.9,617.1,18.14,12.72,86.83,90.17,4.61,8.18,Agstat2018
vegetables,Capsicum,Up country,2016,Maha,1880.0,16992.0,9.04,76.4,233.5,32.8,21.93,86.67,57.67,8.07,4.97,134.3,295.8,32.2,22.0,81.33,58.0,8.3,5.3,286.6,179.9,19.63,10.73,79.33,85.0,6.57,4.37,AgStat_2017
vegetables,Capsicum,Up country,2016,Yala,1589.0,13441.0,8.46,668.2,638.2,33.27,24.98,79.5,59.17,8.55,7.02,983.3,558.2,31.58,24.43,79.0,67.17,7.28,9.3,989.9,312.1,15.97,13.43,90.33,91.83,4.55,12.32,AgStat_2017
vegetables,Capsicum,Up country,2017,Annual,3208.0,26952.0,8.4,1507.0,1020.2,32.52,23.16,84.0,62.83,,,1689.0,1067.5,30.96,23.07,82.25,67.33,7.12,5.26,1930.3,708.9,20.12,12.33,80.92,85.08,4.88,8.24,AgStat2019
vegetables,Capsicum,Up country,2017,Maha,1768.0,14999.0,8.48,788.8,427.2,31.43,21.6,87.17,62.67,6.37,4.37,850.8,511.4,30.83,21.8,83.83,67.5,7.33,4.26,1652.3,340.6,19.9,11.8,77.5,85.17,4.62,5.23,Agstat2018
vegetables,Capsicum,Up country,2017,Yala,1440.0,11953.0,8.3,589.8,605.6,33.72,24.45,80.17,59.0,,,783.6,558.5,31.47,24.2,81.17,68.17,7.1,6.23,636.5,353.5,20.53,13.1,85.0,86.5,4.78,10.47,Agstat2018
vegetables,Capsicum,Up country,2018,Annual,3675.0,32307.0,8.79,1624.3,1039.0,31.88,22.97,83.17,65.08,6.9,,2106.9,1005.5,30.78,22.28,82.83,67.33,7.07,5.62,2409.4,624.9,19.46,12.54,81.36,86.73,3.69,9.13,AgStat__vol_17___2020
vegetables,Capsicum,Up country,2018,Maha,2306.0,20859.0,9.04,615.3,466.9,31.67,22.07,85.5,64.0,,,594.5,533.0,30.67,21.82,82.33,63.67,7.27,4.1,1122.1,344.5,19.52,12.13,79.83,85.0,4.62,6.48,AgStat2019
vegetables,Capsicum,Up country,2018,Yala,1369.0,11448.0,8.36,802.8,604.0,32.62,24.25,79.5,60.83,7.77,,1129.8,512.3,30.85,23.32,82.33,69.17,6.92,6.33,1358.3,282.8,19.38,13.18,86.4,89.6,3.35,12.68,AgStat2019
vegetables,Capsicum,Up country,2019,Annual,3095.0,26414.0,8.53,1819.8,1078.2,32.38,23.62,81.83,63.0,7.35,4.31,1678.1,298.6,30.76,22.4,82.08,67.92,7.42,4.92,1712.7,701.1,19.46,12.67,79.67,83.42,3.91,8.11,AgStat_2021
vegetables,Capsicum,Up country,2019,Maha,1851.0,16281.0,8.8,759.4,450.7,31.28,21.9,87.67,71.5,7.22,5.5,926.5,502.1,30.93,21.17,84.17,66.67,7.7,4.4,839.9,347.5,19.55,11.82,75.33,82.83,3.88,5.38,AgStat__vol_17___2020
vegetables,Capsicum,Up country,2019,Yala,1244.0,10133.0,8.15,622.0,612.7,33.32,24.87,78.17,58.17,7.78,4.36,604.5,,30.68,23.43,80.67,68.5,7.42,6.05,760.1,353.7,19.53,13.63,82.67,82.67,4.3,10.7,AgStat__vol_17___2020
vegetables,Capsicum,Up country,2020,Annual,3699.0,31509.0,8.52,1181.1,1045.9,32.18,23.55,82.75,62.58,7.39,4.09,809.0,,31.12,22.92,82.5,67.42,7.39,4.83,1516.8,670.5,19.68,12.7,80.33,83.25,4.31,8.42,AgStat_2022
vegetables,Capsicum,Up country,2020,Maha,2064.0,18203.0,8.82,1196.5,470.0,31.55,22.52,83.83,64.83,7.18,3.48,1180.1,,31.2,21.65,83.17,64.83,7.65,3.6,949.9,343.8,19.47,11.68,75.17,83.0,3.25,4.58,AgStat_2021
vegetables,Capsicum,Up country,2020,Yala,1635.0,13306.0,8.14,699.4,551.3,32.67,24.58,81.33,62.83,7.37,3.78,434.0,,31.12,23.82,82.5,72.33,6.77,5.43,837.7,314.4,19.48,13.58,85.67,85.17,4.55,10.73,AgStat_2021
vegetables,Capsicum,Up country,2021,Annual,3335.0,27488.0,8.24,1416.8,1007.0,31.82,23.49,84.75,66.83,7.13,5.24,2449.6,,30.58,22.67,82.75,69.67,6.92,4.65,2033.8,626.7,,12.72,83.42,87.67,3.93,8.99,AgStat_2023
vegetables,Capsicum,Up country,2021,Maha,1975.0,16373.0,8.29,590.1,443.8,30.98,22.47,87.67,70.83,6.55,4.88,471.1,,30.4,22.07,82.67,66.33,7.1,4.13,871.9,319.8,,12.1,78.83,86.0,3.73,7.0,AgStat_2022
vegetables,Capsicum,Up country,2021,Yala,1360.0,11115.0,8.17,451.6,590.1,32.78,24.62,80.5,61.5,7.93,6.12,1227.9,,30.73,23.52,82.33,72.5,7.07,5.22,927.3,321.5,,13.27,85.33,87.33,4.02,11.27,AgStat_2022
vegetables,Capsicum,Up country,2022,Annual,3017.0,26100.0,8.65,1436.3,959.5,31.7,23.1,85.58,64.75,7.03,5.17,2317.0,,30.52,22.3,83.33,68.75,6.6,4.92,1844.4,638.4,,12.52,87.33,88.92,3.98,9.32,AgStat_2024
vegetables,Capsicum,Up country,2022,Maha,1680.0,15271.0,9.09,1025.4,405.7,31.2,22.4,89.5,67.67,6.53,4.18,1039.8,,30.65,21.72,83.17,65.17,6.75,4.18,900.4,326.6,,12.07,83.83,85.17,4.67,6.37,AgStat_2023
vegetables,Capsicum,Up country,2022,Yala,1337.72,10829.43,8.1,677.1,551.6,32.32,24.23,81.5,62.5,7.7,6.32,1200.1,,30.58,23.3,82.83,71.83,6.75,6.22,1074.9,290.3,,13.2,87.67,90.0,3.57,12.35,AgStat_2023
vegetables,Capsicum,Up country,2023,Annual,3005.0,23059.0,7.67,1758.5,1040.2,32.23,23.45,84.75,65.17,6.94,5.4,2439.3,731.5,31.1,22.39,82.08,68.5,6.89,4.48,2396.4,647.7,20.13,13.15,89.33,90.75,4.29,7.99,AgStat_2025_ver_3_1
vegetables,Capsicum,Up country,2023,Maha,1729.0,14397.0,8.33,924.3,402.6,30.65,21.12,89.83,69.0,6.1,4.17,1274.6,,30.03,21.05,84.5,67.67,6.2,3.48,939.2,326.4,19.37,11.97,91.83,93.0,3.9,6.63,AgStat_2024
vegetables,Capsicum,Up country,2023,Yala,1277.0,8662.0,6.78,287.5,637.7,33.53,24.98,79.33,58.67,7.95,,905.6,532.3,31.6,23.3,80.0,68.5,7.32,5.65,720.8,364.2,20.43,13.62,88.5,89.17,4.93,10.22,AgStat_2024
vegetables,Capsicum,Up country,2024,Annual,2779.0,21174.0,7.62,1549.9,1008.8,32.21,23.91,85.17,64.42,6.9,,2111.4,868.9,31.43,22.56,81.42,66.08,7.09,4.09,2021.0,730.4,20.71,13.28,91.67,91.67,4.77,8.82,AgStat_2025_ver_3_1
vegetables,Capsicum,Up country,2024,Maha,1527.0,12265.0,8.03,1322.5,428.7,31.02,22.83,89.0,69.0,6.13,,1504.8,494.2,31.38,21.78,82.67,64.5,7.17,3.15,1857.4,328.8,20.62,12.8,92.0,93.83,4.53,5.68,AgStat_2025_ver_3_1
vegetables,Capsicum,Up country,2024,Yala,1252.0,8909.0,7.12,553.2,581.9,33.32,25.2,81.67,63.17,7.4,,974.5,495.3,31.62,23.52,81.17,70.0,6.72,4.95,813.0,345.9,20.87,13.97,91.0,91.0,4.13,11.67,AgStat_2025_ver_3_1
vegetables,Carrot,,2016,Annual,3808.0,82037.0,21.54,1125.1,1088.1,32.73,23.59,82.83,60.33,7.88,5.84,1554.4,1099.7,31.56,23.34,81.08,66.5,7.39,6.12,2403.9,617.1,18.14,12.72,86.83,90.17,4.61,8.18,Agstat2018
vegetables,Carrot,,2016,Maha,2278.0,46355.0,20.35,76.4,233.5,32.8,21.93,86.67,57.67,8.07,4.97,134.3,295.8,32.2,22.0,81.33,58.0,8.3,5.3,286.6,179.9,19.63,10.73,79.33,85.0,6.57,4.37,AgStat_2017
vegetables,Carrot,,2016,Yala,1530.0,35682.0,23.32,668.2,638.2,33.27,24.98,79.5,59.17,8.55,7.02,983.3,558.2,31.58,24.43,79.0,67.17,7.28,9.3,989.9,312.1,15.97,13.43,90.33,91.83,4.55,12.32,AgStat_2017
vegetables,Carrot,,2017,Annual,3687.0,71607.0,19.42,1507.0,1020.2,32.52,23.16,84.0,62.83,,,1689.0,1067.5,30.96,23.07,82.25,67.33,7.12,5.26,1930.3,708.9,20.12,12.33,80.92,85.08,4.88,8.24,AgStat2019
vegetables,Carrot,,2017,Maha,2124.0,42474.0,20.0,788.8,427.2,31.43,21.6,87.17,62.67,6.37,4.37,850.8,511.4,30.83,21.8,83.83,67.5,7.33,4.26,1652.3,340.6,19.9,11.8,77.5,85.17,4.62,5.23,Agstat2018
vegetables,Carrot,,2017,Yala,1563.0,29133.0,18.64,589.8,605.6,33.72,24.45,80.17,59.0,,,783.6,558.5,31.47,24.2,81.17,68.17,7.1,6.23,636.5,353.5,20.53,13.1,85.0,86.5,4.78,10.47,Agstat2018
vegetables,Carrot,,2018,Annual,3125.0,71051.0,22.73,1624.3,1039.0,31.88,22.97,83.17,65.08,6.9,,2106.9,1005.5,30.78,22.28,82.83,67.33,7.07,5.62,2409.4,624.9,19.46,12.54,81.36,86.73,3.69,9.13,AgStat__vol_17___2020
vegetables,Carrot,,2018,Maha,1604.0,39330.0,24.52,615.3,466.9,31.67,22.07,85.5,64.0,,,594.5,533.0,30.67,21.82,82.33,63.67,7.27,4.1,1122.1,344.5,19.52,12.13,79.83,85.0,4.62,6.48,AgStat2019
vegetables,Carrot,,2018,Yala,1521.0,31721.0,20.85,802.8,604.0,32.62,24.25,79.5,60.83,7.77,,1129.8,512.3,30.85,23.32,82.33,69.17,6.92,6.33,1358.3,282.8,19.38,13.18,86.4,89.6,3.35,12.68,AgStat2019
vegetables,Carrot,,2019,Annual,3553.0,80767.0,22.73,1819.8,1078.2,32.38,23.62,81.83,63.0,7.35,4.31,1678.1,298.6,30.76,22.4,82.08,67.92,7.42,4.92,1712.7,701.1,19.46,12.67,79.67,83.42,3.91,8.11,AgStat_2021
vegetables,Carrot,,2019,Maha,2086.0,47130.0,22.59,759.4,450.7,31.28,21.9,87.67,71.5,7.22,5.5,926.5,502.1,30.93,21.17,84.17,66.67,7.7,4.4,839.9,347.5,19.55,11.82,75.33,82.83,3.88,5.38,AgStat__vol_17___2020
vegetables,Carrot,,2019,Yala,1467.0,33637.0,22.93,622.0,612.7,33.32,24.87,78.17,58.17,7.78,4.36,604.5,,30.68,23.43,80.67,68.5,7.42,6.05,760.1,353.7,19.53,13.63,82.67,82.67,4.3,10.7,AgStat__vol_17___2020
vegetables,Carrot,,2020,Annual,3924.0,90225.0,23.0,1181.1,1045.9,32.18,23.55,82.75,62.58,7.39,4.09,809.0,,31.12,22.92,82.5,67.42,7.39,4.83,1516.8,670.5,19.68,12.7,80.33,83.25,4.31,8.42,AgStat_2022
vegetables,Carrot,,2020,Maha,2199.0,50424.0,22.93,1196.5,470.0,31.55,22.52,83.83,64.83,7.18,3.48,1180.1,,31.2,21.65,83.17,64.83,7.65,3.6,949.9,343.8,19.47,11.68,75.17,83.0,3.25,4.58,AgStat_2021
vegetables,Carrot,,2020,Yala,1724.0,39801.0,23.08,699.4,551.3,32.67,24.58,81.33,62.83,7.37,3.78,434.0,,31.12,23.82,82.5,72.33,6.77,5.43,837.7,314.4,19.48,13.58,85.67,85.17,4.55,10.73,AgStat_2021
vegetables,Carrot,,2021,Annual,4214.0,95417.0,22.64,1416.8,1007.0,31.82,23.49,84.75,66.83,7.13,5.24,2449.6,,30.58,22.67,82.75,69.67,6.92,4.65,2033.8,626.7,,12.72,83.42,87.67,3.93,8.99,AgStat_2023
vegetables,Carrot,,2021,Maha,2079.0,49908.0,24.0,590.1,443.8,30.98,22.47,87.67,70.83,6.55,4.88,471.1,,30.4,22.07,82.67,66.33,7.1,4.13,871.9,319.8,,12.1,78.83,86.0,3.73,7.0,AgStat_2022
vegetables,Carrot,,2021,Yala,2135.0,45509.0,21.31,451.6,590.1,32.78,24.62,80.5,61.5,7.93,6.12,1227.9,,30.73,23.52,82.33,72.5,7.07,5.22,927.3,321.5,,13.27,85.33,87.33,4.02,11.27,AgStat_2022
vegetables,Carrot,,2022,Annual,3786.0,77179.0,20.39,1436.3,959.5,31.7,23.1,85.58,64.75,7.03,5.17,2317.0,,30.52,22.3,83.33,68.75,6.6,4.92,1844.4,638.4,,12.52,87.33,88.92,3.98,9.32,AgStat_2024
vegetables,Carrot,,2022,Maha,1793.0,36372.0,20.29,1025.4,405.7,31.2,22.4,89.5,67.67,6.53,4.18,1039.8,,30.65,21.72,83.17,65.17,6.75,4.18,900.4,326.6,,12.07,83.83,85.17,4.67,6.37,AgStat_2023
vegetables,Carrot,,2022,Yala,1992.7,40806.23,20.48,677.1,551.6,32.32,24.23,81.5,62.5,7.7,6.32,1200.1,,30.58,23.3,82.83,71.83,6.75,6.22,1074.9,290.3,,13.2,87.67,90.0,3.57,12.35,AgStat_2023
vegetables,Carrot,,2023,Annual,3510.0,65352.0,18.62,1758.5,1040.2,32.23,23.45,84.75,65.17,6.94,5.4,2439.3,731.5,31.1,22.39,82.08,68.5,6.89,4.48,2396.4,647.7,20.13,13.15,89.33,90.75,4.29,7.99,AgStat_2025_ver_3_1
vegetables,Carrot,,2023,Maha,1946.0,40084.0,20.6,924.3,402.6,30.65,21.12,89.83,69.0,6.1,4.17,1274.6,,30.03,21.05,84.5,67.67,6.2,3.48,939.2,326.4,19.37,11.97,91.83,93.0,3.9,6.63,AgStat_2024
vegetables,Carrot,,2023,Yala,1564.0,25267.0,16.16,287.5,637.7,33.53,24.98,79.33,58.67,7.95,,905.6,532.3,31.6,23.3,80.0,68.5,7.32,5.65,720.8,364.2,20.43,13.62,88.5,89.17,4.93,10.22,AgStat_2024
vegetables,Carrot,,2024,Annual,3687.0,73210.0,19.86,1549.9,1008.8,32.21,23.91,85.17,64.42,6.9,,2111.4,868.9,31.43,22.56,81.42,66.08,7.09,4.09,2021.0,730.4,20.71,13.28,91.67,91.67,4.77,8.82,AgStat_2025_ver_3_1
vegetables,Carrot,,2024,Maha,2165.0,48836.0,22.56,1322.5,428.7,31.02,22.83,89.0,69.0,6.13,,1504.8,494.2,31.38,21.78,82.67,64.5,7.17,3.15,1857.4,328.8,20.62,12.8,92.0,93.83,4.53,5.68,AgStat_2025_ver_3_1
vegetables,Carrot,,2024,Yala,1522.0,24374.0,16.01,553.2,581.9,33.32,25.2,81.67,63.17,7.4,,974.5,495.3,31.62,23.52,81.17,70.0,6.72,4.95,813.0,345.9,20.87,13.97,91.0,91.0,4.13,11.67,AgStat_2025_ver_3_1
vegetables,Cucumber,Low country,2016,Annual,2986.0,38290.0,12.82,1125.1,1088.1,32.73,23.59,82.83,60.33,7.88,5.84,1554.4,1099.7,31.56,23.34,81.08,66.5,7.39,6.12,2403.9,617.1,18.14,12.72,86.83,90.17,4.61,8.18,Agstat2018
vegetables,Cucumber,Low country,2016,Maha,1838.0,23495.0,12.78,76.4,233.5,32.8,21.93,86.67,57.67,8.07,4.97,134.3,295.8,32.2,22.0,81.33,58.0,8.3,5.3,286.6,179.9,19.63,10.73,79.33,85.0,6.57,4.37,AgStat_2017
vegetables,Cucumber,Low country,2016,Yala,1148.0,14795.0,12.89,668.2,638.2,33.27,24.98,79.5,59.17,8.55,7.02,983.3,558.2,31.58,24.43,79.0,67.17,7.28,9.3,989.9,312.1,15.97,13.43,90.33,91.83,4.55,12.32,AgStat_2017
vegetables,Cucumber,Low country,2017,Annual,2446.0,31446.0,12.86,1507.0,1020.2,32.52,23.16,84.0,62.83,,,1689.0,1067.5,30.96,23.07,82.25,67.33,7.12,5.26,1930.3,708.9,20.12,12.33,80.92,85.08,4.88,8.24,AgStat2019
vegetables,Cucumber,Low country,2017,Maha,1282.0,16653.0,12.99,788.8,427.2,31.43,21.6,87.17,62.67,6.37,4.37,850.8,511.4,30.83,21.8,83.83,67.5,7.33,4.26,1652.3,340.6,19.9,11.8,77.5,85.17,4.62,5.23,Agstat2018
vegetables,Cucumber,Low country,2017,Yala,1164.0,14793.0,12.71,589.8,605.6,33.72,24.45,80.17,59.0,,,783.6,558.5,31.47,24.2,81.17,68.17,7.1,6.23,636.5,353.5,20.53,13.1,85.0,86.5,4.78,10.47,Agstat2018
vegetables,Cucumber,Low country,2018,Annual,3228.0,43942.0,13.61,1624.3,1039.0,31.88,22.97,83.17,65.08,6.9,,2106.9,1005.5,30.78,22.28,82.83,67.33,7.07,5.62,2409.4,624.9,19.46,12.54,81.36,86.73,3.69,9.13,AgStat__vol_17___2020
vegetables,Cucumber,Low country,2018,Maha,2088.0,24368.0,11.67,615.3,466.9,31.67,22.07,85.5,64.0,,,594.5,533.0,30.67,21.82,82.33,63.67,7.27,4.1,1122.1,344.5,19.52,12.13,79.83,85.0,4.62,6.48,AgStat2019
vegetables,Cucumber,Low country,2018,Yala,1141.0,19574.0,17.16,802.8,604.0,32.62,24.25,79.5,60.83,7.77,,1129.8,512.3,30.85,23.32,82.33,69.17,6.92,6.33,1358.3,282.8,19.38,13.18,86.4,89.6,3.35,12.68,AgStat2019
vegetables,Cucumber,Low country,2019,Annual,2555.0,34864.0,13.65,1819.8,1078.2,32.38,23.62,81.83,63.0,7.35,4.31,1678.1,298.6,30.76,22.4,82.08,67.92,7.42,4.92,1712.7,701.1,19.46,12.67,79.67,83.42,3.91,8.11,AgStat_2021
vegetables,Cucumber,Low country,2019,Maha,1383.0,20886.0,15.1,759.4,450.7,31.28,21.9,87.67,71.5,7.22,5.5,926.5,502.1,30.93,21.17,84.17,66.67,7.7,4.4,839.9,347.5,19.55,11.82,75.33,82.83,3.88,5.38,AgStat__vol_17___2020
vegetables,Cucumber,Low country,2019,Yala,1172.0,13978.0,11.93,622.0,612.7,33.32,24.87,78.17,58.17,7.78,4.36,604.5,,30.68,23.43,80.67,68.5,7.42,6.05,760.1,353.7,19.53,13.63,82.67,82.67,4.3,10.7,AgStat__vol_17___2020
vegetables,Cucumber,Low country,2020,Annual,2687.0,38676.0,14.39,1181.1,1045.9,32.18,23.55,82.75,62.58,7.39,4.09,809.0,,31.12,22.92,82.5,67.42,7.39,4.83,1516.8,670.5,19.68,12.7,80.33,83.25,4.31,8.42,AgStat_2022
vegetables,Cucumber,Low country,2020,Maha,1397.0,19642.0,14.06,1196.5,470.0,31.55,22.52,83.83,64.83,7.18,3.48,1180.1,,31.2,21.65,83.17,64.83,7.65,3.6,949.9,343.8,19.47,11.68,75.17,83.0,3.25,4.58,AgStat_2021
vegetables,Cucumber,Low country,2020,Yala,1290.0,19034.0,14.76,699.4,551.3,32.67,24.58,81.33,62.83,7.37,3.78,434.0,,31.12,23.82,82.5,72.33,6.77,5.43,837.7,314.4,19.48,13.58,85.67,85.17,4.55,10.73,AgStat_2021
vegetables,Cucumber,Low country,2021,Annual,2583.0,36508.0,14.14,1416.8,1007.0,31.82,23.49,84.75,66.83,7.13,5.24,2449.6,,30.58,22.67,82.75,69.67,6.92,4.65,2033.8,626.7,,12.72,83.42,87.67,3.93,8.99,AgStat_2023
vegetables,Cucumber,Low country,2021,Maha,1373.0,20087.0,14.63,590.1,443.8,30.98,22.47,87.67,70.83,6.55,4.88,471.1,,30.4,22.07,82.67,66.33,7.1,4.13,871.9,319.8,,12.1,78.83,86.0,3.73,7.0,AgStat_2022
vegetables,Cucumber,Low country,2021,Yala,1210.0,16421.0,13.58,451.6,590.1,32.78,24.62,80.5,61.5,7.93,6.12,1227.9,,30.73,23.52,82.33,72.5,7.07,5.22,927.3,321.5,,13.27,85.33,87.33,4.02,11.27,AgStat_2022
vegetables,Cucumber,Low country,2022,Annual,2634.0,33974.0,12.9,1436.3,959.5,31.7,23.1,85.58,64.75,7.03,5.17,2317.0,,30.52,22.3,83.33,68.75,6.6,4.92,1844.4,638.4,,12.52,87.33,88.92,3.98,9.32,AgStat_2024
vegetables,Cucumber,Low country,2022,Maha,1508.0,18015.0,11.94,1025.4,405.7,31.2,22.4,89.5,67.67,6.53,4.18,1039.8,,30.65,21.72,83.17,65.17,6.75,4.18,900.4,326.6,,12.07,83.83,85.17,4.67,6.37,AgStat_2023
vegetables,Cucumber,Low country,2022,Yala,1125.66,15958.63,14.18,677.1,551.6,32.32,24.23,81.5,62.5,7.7,6.32,1200.1,,30.58,23.3,82.83,71.83,6.75,6.22,1074.9,290.3,,13.2,87.67,90.0,3.57,12.35,AgStat_2023
vegetables,Cucumber,Low country,2023,Annual,3085.0,47616.0,15.43,1758.5,1040.2,32.23,23.45,84.75,65.17,6.94,5.4,2439.3,731.5,31.1,22.39,82.08,68.5,6.89,4.48,2396.4,647.7,20.13,13.15,89.33,90.75,4.29,7.99,AgStat_2025_ver_3_1
vegetables,Cucumber,Low country,2023,Maha,1629.0,21013.0,12.9,924.3,402.6,30.65,21.12,89.83,69.0,6.1,4.17,1274.6,,30.03,21.05,84.5,67.67,6.2,3.48,939.2,326.4,19.37,11.97,91.83,93.0,3.9,6.63,AgStat_2024
vegetables,Cucumber,Low country,2023,Yala,1456.0,26603.0,18.27,287.5,637.7,33.53,24.98,79.33,58.67,7.95,,905.6,532.3,31.6,23.3,80.0,68.5,7.32,5.65,720.8,364.2,20.43,13.62,88.5,89.17,4.93,10.22,AgStat_2024
vegetables,Cucumber,Low country,2024,Annual,3188.0,45098.0,14.15,1549.9,1008.8,32.21,23.91,85.17,64.42,6.9,,2111.4,868.9,31.43,22.56,81.42,66.08,7.09,4.09,2021.0,730.4,20.71,13.28,91.67,91.67,4.77,8.82,AgStat_2025_ver_3_1
vegetables,Cucumber,Low country,2024,Maha,1427.0,17937.0,12.57,1322.5,428.7,31.02,22.83,89.0,69.0,6.13,,1504.8,494.2,31.38,21.78,82.67,64.5,7.17,3.15,1857.4,328.8,20.62,12.8,92.0,93.83,4.53,5.68,AgStat_2025_ver_3_1
vegetables,Cucumber,Low country,2024,Yala,1761.0,27161.0,15.43,553.2,581.9,33.32,25.2,81.67,63.17,7.4,,974.5,495.3,31.62,23.52,81.17,70.0,6.72,4.95,813.0,345.9,20.87,13.97,91.0,91.0,4.13,11.67,AgStat_2025_ver_3_1
vegetables,Knolkhol,,2016,Annual,1144.0,15860.0,13.86,1125.1,1088.1,32.73,23.59,82.83,60.33,7.88,5.84,1554.4,1099.7,31.56,23.34,81.08,66.5,7.39,6.12,2403.9,617.1,18.14,12.72,86.83,90.17,4.61,8.18,Agstat2018
vegetables,Knolkhol,,2016,Maha,573.0,7348.0,12.82,76.4,233.5,32.8,21.93,86.67,57.67,8.07,4.97,134.3,295.8,32.2,22.0,81.33,58.0,8.3,5.3,286.6,179.9,19.63,10.73,79.33,85.0,6.57,4.37,AgStat_2017
vegetables,Knolkhol,,2016,Yala,571.0,8512.0,14.9,668.2,638.2,33.27,24.98,79.5,59.17,8.55,7.02,983.3,558.2,31.58,24.43,79.0,67.17,7.28,9.3,989.9,312.1,15.97,13.43,90.33,91.83,4.55,12.32,AgStat_2017
vegetables,Knolkhol,,2017,Annual,1139.0,14148.0,12.41,1507.0,1020.2,32.52,23.16,84.0,62.83,,,1689.0,1067.5,30.96,23.07,82.25,67.33,7.12,5.26,1930.3,708.9,20.12,12.33,80.92,85.08,4.88,8.24,AgStat2019
vegetables,Knolkhol,,2017,Maha,582.0,6597.0,11.34,788.8,427.2,31.43,21.6,87.17,62.67,6.37,4.37,850.8,511.4,30.83,21.8,83.83,67.5,7.33,4.26,1652.3,340.6,19.9,11.8,77.5,85.17,4.62,5.23,Agstat2018
vegetables,Knolkhol,,2017,Yala,557.0,7551.0,13.56,589.8,605.6,33.72,24.45,80.17,59.0,,,783.6,558.5,31.47,24.2,81.17,68.17,7.1,6.23,636.5,353.5,20.53,13.1,85.0,86.5,4.78,10.47,Agstat2018
vegetables,Knolkhol,,2018,Annual,1289.0,19502.0,15.13,1624.3,1039.0,31.88,22.97,83.17,65.08,6.9,,2106.9,1005.5,30.78,22.28,82.83,67.33,7.07,5.62,2409.4,624.9,19.46,12.54,81.36,86.73,3.69,9.13,AgStat__vol_17___2020
vegetables,Knolkhol,,2018,Maha,685.0,9120.0,13.32,615.3,466.9,31.67,22.07,85.5,64.0,,,594.5,533.0,30.67,21.82,82.33,63.67,7.27,4.1,1122.1,344.5,19.52,12.13,79.83,85.0,4.62,6.48,AgStat2019
vegetables,Knolkhol,,2018,Yala,605.0,10382.0,17.17,802.8,604.0,32.62,24.25,79.5,60.83,7.77,,1129.8,512.3,30.85,23.32,82.33,69.17,6.92,6.33,1358.3,282.8,19.38,13.18,86.4,89.6,3.35,12.68,AgStat2019
vegetables,Knolkhol,,2019,Annual,1338.0,15306.0,11.44,1819.8,1078.2,32.38,23.62,81.83,63.0,7.35,4.31,1678.1,298.6,30.76,22.4,82.08,67.92,7.42,4.92,1712.7,701.1,19.46,12.67,79.67,83.42,3.91,8.11,AgStat_2021
vegetables,Knolkhol,,2019,Maha,703.0,6722.0,9.56,759.4,450.7,31.28,21.9,87.67,71.5,7.22,5.5,926.5,502.1,30.93,21.17,84.17,66.67,7.7,4.4,839.9,347.5,19.55,11.82,75.33,82.83,3.88,5.38,AgStat__vol_17___2020
vegetables,Knolkhol,,2019,Yala,635.0,8584.0,13.52,622.0,612.7,33.32,24.87,78.17,58.17,7.78,4.36,604.5,,30.68,23.43,80.67,68.5,7.42,6.05,760.1,353.7,19.53,13.63,82.67,82.67,4.3,10.7,AgStat__vol_17___2020
vegetables,Knolkhol,,2020,Annual,1488.0,17045.0,11.45,1181.1,1045.9,32.18,23.55,82.75,62.58,7.39,4.09,809.0,,31.12,22.92,82.5,67.42,7.39,4.83,1516.8,670.5,19.68,12.7,80.33,83.25,4.31,8.42,AgStat_2022
vegetables,Knolkhol,,2020,Maha,697.0,6866.0,9.85,1196.5,470.0,31.55,22.52,83.83,64.83,7.18,3.48,1180.1,,31.2,21.65,83.17,64.83,7.65,3.6,949.9,343.8,19.47,11.68,75.17,83.0,3.25,4.58,AgStat_2021
vegetables,Knolkhol,,2020,Yala,792.0,10179.0,12.86,699.4,551.3,32.67,24.58,81.33,62.83,7.37,3.78,434.0,,31.12,23.82,82.5,72.33,6.77,5.43,837.7,314.4,19.48,13.58,85.67,85.17,4.55,10.73,AgStat_2021
vegetables,Knolkhol,,2021,Annual,1417.0,15628.0,11.03,1416.8,1007.0,31.82,23.49,84.75,66.83,7.13,5.24,2449.6,,30.58,22.67,82.75,69.67,6.92,4.65,2033.8,626.7,,12.72,83.42,87.67,3.93,8.99,AgStat_2023
vegetables,Knolkhol,,2021,Maha,627.0,5749.0,9.17,590.1,443.8,30.98,22.47,87.67,70.83,6.55,4.88,471.1,,30.4,22.07,82.67,66.33,7.1,4.13,871.9,319.8,,12.1,78.83,86.0,3.73,7.0,AgStat_2022
vegetables,Knolkhol,,2021,Yala,790.0,9879.0,12.5,451.6,590.1,32.78,24.62,80.5,61.5,7.93,6.12,1227.9,,30.73,23.52,82.33,72.5,7.07,5.22,927.3,321.5,,13.27,85.33,87.33,4.02,11.27,AgStat_2022
vegetables,Knolkhol,,2022,Annual,1400.0,14968.0,10.69,1436.3,959.5,31.7,23.1,85.58,64.75,7.03,5.17,2317.0,,30.52,22.3,83.33,68.75,6.6,4.92,1844.4,638.4,,12.52,87.33,88.92,3.98,9.32,AgStat_2024
vegetables,Knolkhol,,2022,Maha,642.0,5788.0,9.01,1025.4,405.7,31.2,22.4,89.5,67.67,6.53,4.18,1039.8,,30.65,21.72,83.17,65.17,6.75,4.18,900.4,326.6,,12.07,83.83,85.17,4.67,6.37,AgStat_2023
vegetables,Knolkhol,,2022,Yala,758.4,9180.23,12.1,677.1,551.6,32.32,24.23,81.5,62.5,7.7,6.32,1200.1,,30.58,23.3,82.83,71.83,6.75,6.22,1074.9,290.3,,13.2,87.67,90.0,3.57,12.35,AgStat_2023
vegetables,Knolkhol,,2023,Annual,1418.0,14441.0,10.19,1758.5,1040.2,32.23,23.45,84.75,65.17,6.94,5.4,2439.3,731.5,31.1,22.39,82.08,68.5,6.89,4.48,2396.4,647.7,20.13,13.15,89.33,90.75,4.29,7.99,AgStat_2025_ver_3_1
vegetables,Knolkhol,,2023,Maha,624.0,6430.0,10.3,924.3,402.6,30.65,21.12,89.83,69.0,6.1,4.17,1274.6,,30.03,21.05,84.5,67.67,6.2,3.48,939.2,326.4,19.37,11.97,91.83,93.0,3.9,6.63,AgStat_2024
vegetables,Knolkhol,,2023,Yala,794.0,8012.0,10.09,287.5,637.7,33.53,24.98,79.33,58.67,7.95,,905.6,532.3,31.6,23.3,80.0,68.5,7.32,5.65,720.8,364.2,20.43,13.62,88.5,89.17,4.93,10.22,AgStat_2024
vegetables,Knolkhol,,2024,Annual,1366.0,14510.0,10.62,1549.9,1008.8,32.21,23.91,85.17,64.42,6.9,,2111.4,868.9,31.43,22.56,81.42,66.08,7.09,4.09,2021.0,730.4,20.71,13.28,91.67,91.67,4.77,8.82,AgStat_2025_ver_3_1
vegetables,Knolkhol,,2024,Maha,649.0,7470.0,11.51,1322.5,428.7,31.02,22.83,89.0,69.0,6.13,,1504.8,494.2,31.38,21.78,82.67,64.5,7.17,3.15,1857.4,328.8,20.62,12.8,92.0,93.83,4.53,5.68,AgStat_2025_ver_3_1
vegetables,Knolkhol,,2024,Yala,717.0,7040.0,9.82,553.2,581.9,33.32,25.2,81.67,63.17,7.4,,974.5,495.3,31.62,23.52,81.17,70.0,6.72,4.95,813.0,345.9,20.87,13.97,91.0,91.0,4.13,11.67,AgStat_2025_ver_3_1
vegetables,Ladies fingers,Up country,2016,Annual,7073.0,66719.0,9.43,1125.1,1088.1,32.73,23.59,82.83,60.33,7.88,5.84,1554.4,1099.7,31.56,23.34,81.08,66.5,7.39,6.12,2403.9,617.1,18.14,12.72,86.83,90.17,4.61,8.18,Agstat2018
vegetables,Ladies fingers,Up country,2016,Maha,3803.0,35260.0,9.27,76.4,233.5,32.8,21.93,86.67,57.67,8.07,4.97,134.3,295.8,32.2,22.0,81.33,58.0,8.3,5.3,286.6,179.9,19.63,10.73,79.33,85.0,6.57,4.37,AgStat_2017
vegetables,Ladies fingers,Up country,2016,Yala,3270.0,31459.0,9.62,668.2,638.2,33.27,24.98,79.5,59.17,8.55,7.02,983.3,558.2,31.58,24.43,79.0,67.17,7.28,9.3,989.9,312.1,15.97,13.43,90.33,91.83,4.55,12.32,AgStat_2017
vegetables,Ladies fingers,Up country,2017,Annual,6827.0,61429.0,9.0,1507.0,1020.2,32.52,23.16,84.0,62.83,,,1689.0,1067.5,30.96,23.07,82.25,67.33,7.12,5.26,1930.3,708.9,20.12,12.33,80.92,85.08,4.88,8.24,AgStat2019
vegetables,Ladies fingers,Up country,2017,Maha,3751.0,34142.0,9.1,788.8,427.2,31.43,21.6,87.17,62.67,6.37,4.37,850.8,511.4,30.83,21.8,83.83,67.5,7.33,4.26,1652.3,340.6,19.9,11.8,77.5,85.17,4.62,5.23,Agstat2018
vegetables,Ladies fingers,Up country,2017,Yala,3076.0,27287.0,8.87,589.8,605.6,33.72,24.45,80.17,59.0,,,783.6,558.5,31.47,24.2,81.17,68.17,7.1,6.23,636.5,353.5,20.53,13.1,85.0,86.5,4.78,10.47,Agstat2018
vegetables,Ladies fingers,Up country,2018,Annual,8368.0,68515.0,8.19,1624.3,1039.0,31.88,22.97,83.17,65.08,6.9,,2106.9,1005.5,30.78,22.28,82.83,67.33,7.07,5.62,2409.4,624.9,19.46,12.54,81.36,86.73,3.69,9.13,AgStat__vol_17___2020
vegetables,Ladies fingers,Up country,2018,Maha,4540.0,39632.0,8.73,615.3,466.9,31.67,22.07,85.5,64.0,,,594.5,533.0,30.67,21.82,82.33,63.67,7.27,4.1,1122.1,344.5,19.52,12.13,79.83,85.0,4.62,6.48,AgStat2019
vegetables,Ladies fingers,Up country,2018,Yala,3827.0,28883.0,7.55,802.8,604.0,32.62,24.25,79.5,60.83,7.77,,1129.8,512.3,30.85,23.32,82.33,69.17,6.92,6.33,1358.3,282.8,19.38,13.18,86.4,89.6,3.35,12.68,AgStat2019
vegetables,Ladies fingers,Up country,2019,Annual,6851.0,72226.0,10.54,1819.8,1078.2,32.38,23.62,81.83,63.0,7.35,4.31,1678.1,298.6,30.76,22.4,82.08,67.92,7.42,4.92,1712.7,701.1,19.46,12.67,79.67,83.42,3.91,8.11,AgStat_2021
vegetables,Ladies fingers,Up country,2019,Maha,3728.0,37119.0,9.96,759.4,450.7,31.28,21.9,87.67,71.5,7.22,5.5,926.5,502.1,30.93,21.17,84.17,66.67,7.7,4.4,839.9,347.5,19.55,11.82,75.33,82.83,3.88,5.38,AgStat__vol_17___2020
vegetables,Ladies fingers,Up country,2019,Yala,3123.0,35107.0,11.24,622.0,612.7,33.32,24.87,78.17,58.17,7.78,4.36,604.5,,30.68,23.43,80.67,68.5,7.42,6.05,760.1,353.7,19.53,13.63,82.67,82.67,4.3,10.7,AgStat__vol_17___2020
vegetables,Ladies fingers,Up country,2020,Annual,8090.0,81444.0,10.07,1181.1,1045.9,32.18,23.55,82.75,62.58,7.39,4.09,809.0,,31.12,22.92,82.5,67.42,7.39,4.83,1516.8,670.5,19.68,12.7,80.33,83.25,4.31,8.42,AgStat_2022
vegetables,Ladies fingers,Up country,2020,Maha,4245.0,45616.0,10.75,1196.5,470.0,31.55,22.52,83.83,64.83,7.18,3.48,1180.1,,31.2,21.65,83.17,64.83,7.65,3.6,949.9,343.8,19.47,11.68,75.17,83.0,3.25,4.58,AgStat_2021
vegetables,Ladies fingers,Up country,2020,Yala,3845.0,35828.0,9.32,699.4,551.3,32.67,24.58,81.33,62.83,7.37,3.78,434.0,,31.12,23.82,82.5,72.33,6.77,5.43,837.7,314.4,19.48,13.58,85.67,85.17,4.55,10.73,AgStat_2021
vegetables,Ladies fingers,Up country,2021,Annual,7514.0,73747.0,9.81,1416.8,1007.0,31.82,23.49,84.75,66.83,7.13,5.24,2449.6,,30.58,22.67,82.75,69.67,6.92,4.65,2033.8,626.7,,12.72,83.42,87.67,3.93,8.99,AgStat_2023
vegetables,Ladies fingers,Up country,2021,Maha,3959.0,37690.0,9.52,590.1,443.8,30.98,22.47,87.67,70.83,6.55,4.88,471.1,,30.4,22.07,82.67,66.33,7.1,4.13,871.9,319.8,,12.1,78.83,86.0,3.73,7.0,AgStat_2022
vegetables,Ladies fingers,Up country,2021,Yala,3555.0,36057.0,10.14,451.6,590.1,32.78,24.62,80.5,61.5,7.93,6.12,1227.9,,30.73,23.52,82.33,72.5,7.07,5.22,927.3,321.5,,13.27,85.33,87.33,4.02,11.27,AgStat_2022
vegetables,Ladies fingers,Up country,2022,Annual,7824.0,73475.0,9.39,1436.3,959.5,31.7,23.1,85.58,64.75,7.03,5.17,2317.0,,30.52,22.3,83.33,68.75,6.6,4.92,1844.4,638.4,,12.52,87.33,88.92,3.98,9.32,AgStat_2024
vegetables,Ladies fingers,Up country,2022,Maha,4173.0,37294.0,8.94,1025.4,405.7,31.2,22.4,89.5,67.67,6.53,4.18,1039.8,,30.65,21.72,83.17,65.17,6.75,4.18,900.4,326.6,,12.07,83.83,85.17,4.67,6.37,AgStat_2023
vegetables,Ladies fingers,Up country,2022,Yala,3650.79,36181.05,9.91,677.1,551.6,32.32,24.23,81.5,62.5,7.7,6.32,1200.1,,30.58,23.3,82.83,71.83,6.75,6.22,1074.9,290.3,,13.2,87.67,90.0,3.57,12.35,AgStat_2023
vegetables,Ladies fingers,Up country,2023,Annual,7837.0,70335.0,8.97,1758.5,1040.2,32.23,23.45,84.75,65.17,6.94,5.4,2439.3,731.5,31.1,22.39,82.08,68.5,6.89,4.48,2396.4,647.7,20.13,13.15,89.33,90.75,4.29,7.99,AgStat_2025_ver_3_1
vegetables,Ladies fingers,Up country,2023,Maha,4475.0,38984.0,8.71,924.3,402.6,30.65,21.12,89.83,69.0,6.1,4.17,1274.6,,30.03,21.05,84.5,67.67,6.2,3.48,939.2,326.4,19.37,11.97,91.83,93.0,3.9,6.63,AgStat_2024
vegetables,Ladies fingers,Up country,2023,Yala,3362.0,31351.0,9.32,287.5,637.7,33.53,24.98,79.33,58.67,7.95,,905.6,532.3,31.6,23.3,80.0,68.5,7.32,5.65,720.8,364.2,20.43,13.62,88.5,89.17,4.93,10.22,AgStat_2024
vegetables,Ladies fingers,Up country,2024,Annual,7907.0,72623.0,9.18,1549.9,1008.8,32.21,23.91,85.17,64.42,6.9,,2111.4,868.9,31.43,22.56,81.42,66.08,7.09,4.09,2021.0,730.4,20.71,13.28,91.67,91.67,4.77,8.82,AgStat_2025_ver_3_1
vegetables,Ladies fingers,Up country,2024,Maha,4389.0,37620.0,8.57,1322.5,428.7,31.02,22.83,89.0,69.0,6.13,,1504.8,494.2,31.38,21.78,82.67,64.5,7.17,3.15,1857.4,328.8,20.62,12.8,92.0,93.83,4.53,5.68,AgStat_2025_ver_3_1
vegetables,Ladies fingers,Up country,2024,Yala,3518.0,35003.0,9.95,553.2,581.9,33.32,25.2,81.67,63.17,7.4,,974.5,495.3,31.62,23.52,81.17,70.0,6.72,4.95,813.0,345.9,20.87,13.97,91.0,91.0,4.13,11.67,AgStat_2025_ver_3_1
vegetables,Leeks,Up country,2016,Annual,2197.0,61122.0,27.82,1125.1,1088.1,32.73,23.59,82.83,60.33,7.88,5.84,1554.4,1099.7,31.56,23.34,81.08,66.5,7.39,6.12,2403.9,617.1,18.14,12.72,86.83,90.17,4.61,8.18,Agstat2018
vegetables,Leeks,Up country,2016,Maha,1223.0,30317.0,24.79,76.4,233.5,32.8,21.93,86.67,57.67,8.07,4.97,134.3,295.8,32.2,22.0,81.33,58.0,8.3,5.3,286.6,179.9,19.63,10.73,79.33,85.0,6.57,4.37,AgStat_2017
vegetables,Leeks,Up country,2016,Yala,974.0,30805.0,31.64,668.2,638.2,33.27,24.98,79.5,59.17,8.55,7.02,983.3,558.2,31.58,24.43,79.0,67.17,7.28,9.3,989.9,312.1,15.97,13.43,90.33,91.83,4.55,12.32,AgStat_2017
vegetables,Leeks,Up country,2017,Annual,2214.0,56045.0,25.31,1507.0,1020.2,32.52,23.16,84.0,62.83,,,1689.0,1067.5,30.96,23.07,82.25,67.33,7.12,5.26,1930.3,708.9,20.12,12.33,80.92,85.08,4.88,8.24,AgStat2019
vegetables,Leeks,Up country,2017,Maha,1127.0,27246.0,24.18,788.8,427.2,31.43,21.6,87.17,62.67,6.37,4.37,850.8,511.4,30.83,21.8,83.83,67.5,7.33,4.26,1652.3,340.6,19.9,11.8,77.5,85.17,4.62,5.23,Agstat2018
vegetables,Leeks,Up country,2017,Yala,1087.0,28799.0,26.49,589.8,605.6,33.72,24.45,80.17,59.0,,,783.6,558.5,31.47,24.2,81.17,68.17,7.1,6.23,636.5,353.5,20.53,13.1,85.0,86.5,4.78,10.47,Agstat2018
vegetables,Leeks,Up country,2018,Annual,2026.0,51330.0,25.34,1624.3,1039.0,31.88,22.97,83.17,65.08,6.9,,2106.9,1005.5,30.78,22.28,82.83,67.33,7.07,5.62,2409.4,624.9,19.46,12.54,81.36,86.73,3.69,9.13,AgStat__vol_17___2020
vegetables,Leeks,Up country,2018,Maha,1016.0,26161.0,25.76,615.3,466.9,31.67,22.07,85.5,64.0,,,594.5,533.0,30.67,21.82,82.33,63.67,7.27,4.1,1122.1,344.5,19.52,12.13,79.83,85.0,4.62,6.48,AgStat2019
vegetables,Leeks,Up country,2018,Yala,1010.0,25169.0,24.92,802.8,604.0,32.62,24.25,79.5,60.83,7.77,,1129.8,512.3,30.85,23.32,82.33,69.17,6.92,6.33,1358.3,282.8,19.38,13.18,86.4,89.6,3.35,12.68,AgStat2019
vegetables,Leeks,Up country,2019,Annual,2102.0,31879.0,15.17,1819.8,1078.2,32.38,23.62,81.83,63.0,7.35,4.31,1678.1,298.6,30.76,22.4,82.08,67.92,7.42,4.92,1712.7,701.1,19.46,12.67,79.67,83.42,3.91,8.11,AgStat_2021
vegetables,Leeks,Up country,2019,Maha,1121.0,14946.0,13.33,759.4,450.7,31.28,21.9,87.67,71.5,7.22,5.5,926.5,502.1,30.93,21.17,84.17,66.67,7.7,4.4,839.9,347.5,19.55,11.82,75.33,82.83,3.88,5.38,AgStat__vol_17___2020
vegetables,Leeks,Up country,2019,Yala,981.0,16933.0,17.26,622.0,612.7,33.32,24.87,78.17,58.17,7.78,4.36,604.5,,30.68,23.43,80.67,68.5,7.42,6.05,760.1,353.7,19.53,13.63,82.67,82.67,4.3,10.7,AgStat__vol_17___2020
vegetables,Leeks,Up country,2020,Annual,2319.0,35695.0,15.39,1181.1,1045.9,32.18,23.55,82.75,62.58,7.39,4.09,809.0,,31.12,22.92,82.5,67.42,7.39,4.83,1516.8,670.5,19.68,12.7,80.33,83.25,4.31,8.42,AgStat_2022
vegetables,Leeks,Up country,2020,Maha,1203.0,16419.0,13.65,1196.5,470.0,31.55,22.52,83.83,64.83,7.18,3.48,1180.1,,31.2,21.65,83.17,64.83,7.65,3.6,949.9,343.8,19.47,11.68,75.17,83.0,3.25,4.58,AgStat_2021
vegetables,Leeks,Up country,2020,Yala,1116.0,19276.0,17.27,699.4,551.3,32.67,24.58,81.33,62.83,7.37,3.78,434.0,,31.12,23.82,82.5,72.33,6.77,5.43,837.7,314.4,19.48,13.58,85.67,85.17,4.55,10.73,AgStat_2021
vegetables,Leeks,Up country,2021,Annual,2830.0,44733.0,15.81,1416.8,1007.0,31.82,23.49,84.75,66.83,7.13,5.24,2449.6,,30.58,22.67,82.75,69.67,6.92,4.65,2033.8,626.7,,12.72,83.42,87.67,3.93,8.99,AgStat_2023
vegetables,Leeks,Up country,2021,Maha,1264.0,16953.0,13.41,590.1,443.8,30.98,22.47,87.67,70.83,6.55,4.88,471.1,,30.4,22.07,82.67,66.33,7.1,4.13,871.9,319.8,,12.1,78.83,86.0,3.73,7.0,AgStat_2022
vegetables,Leeks,Up country,2021,Yala,1566.0,27780.0,17.74,451.6,590.1,32.78,24.62,80.5,61.5,7.93,6.12,1227.9,,30.73,23.52,82.33,72.5,7.07,5.22,927.3,321.5,,13.27,85.33,87.33,4.02,11.27,AgStat_2022
vegetables,Leeks,Up country,2022,Annual,2991.0,51805.0,17.32,1436.3,959.5,31.7,23.1,85.58,64.75,7.03,5.17,2317.0,,30.52,22.3,83.33,68.75,6.6,4.92,1844.4,638.4,,12.52,87.33,88.92,3.98,9.32,AgStat_2024
vegetables,Leeks,Up country,2022,Maha,1277.0,20397.0,15.97,1025.4,405.7,31.2,22.4,89.5,67.67,6.53,4.18,1039.8,,30.65,21.72,83.17,65.17,6.75,4.18,900.4,326.6,,12.07,83.83,85.17,4.67,6.37,AgStat_2023
vegetables,Leeks,Up country,2022,Yala,1713.95,31408.35,18.33,677.1,551.6,32.32,24.23,81.5,62.5,7.7,6.32,1200.1,,30.58,23.3,82.83,71.83,6.75,6.22,1074.9,290.3,,13.2,87.67,90.0,3.57,12.35,AgStat_2023
vegetables,Leeks,Up country,2023,Annual,2486.0,40736.0,16.39,1758.5,1040.2,32.23,23.45,84.75,65.17,6.94,5.4,2439.3,731.5,31.1,22.39,82.08,68.5,6.89,4.48,2396.4,647.7,20.13,13.15,89.33,90.75,4.29,7.99,AgStat_2025_ver_3_1
vegetables,Leeks,Up country,2023,Maha,1325.0,22965.0,17.33,924.3,402.6,30.65,21.12,89.83,69.0,6.1,4.17,1274.6,,30.03,21.05,84.5,67.67,6.2,3.48,939.2,326.4,19.37,11.97,91.83,93.0,3.9,6.63,AgStat_2024
vegetables,Leeks,Up country,2023,Yala,1161.0,17771.0,15.31,287.5,637.7,33.53,24.98,79.33,58.67,7.95,,905.6,532.3,31.6,23.3,80.0,68.5,7.32,5.65,720.8,364.2,20.43,13.62,88.5,89.17,4.93,10.22,AgStat_2024
vegetables,Leeks,Up country,2024,Annual,2572.0,87023.0,33.83,1549.9,1008.8,32.21,23.91,85.17,64.42,6.9,,2111.4,868.9,31.43,22.56,81.42,66.08,7.09,4.09,2021.0,730.4,20.71,13.28,91.67,91.67,4.77,8.82,AgStat_2025_ver_3_1
vegetables,Leeks,Up country,2024,Maha,1437.0,69673.0,48.49,1322.5,428.7,31.02,22.83,89.0,69.0,6.13,,1504.8,494.2,31.38,21.78,82.67,64.5,7.17,3.15,1857.4,328.8,20.62,12.8,92.0,93.83,4.53,5.68,AgStat_2025_ver_3_1
vegetables,Leeks,Up country,2024,Yala,1136.0,17350.0,15.28,553.2,581.9,33.32,25.2,81.67,63.17,7.4,,974.5,495.3,31.62,23.52,81.17,70.0,6.72,4.95,813.0,345.9,20.87,13.97,91.0,91.0,4.13,11.67,AgStat_2025_ver_3_1
vegetables,Luffa,Low country,2016,Annual,3952.0,40415.0,10.23,1125.1,1088.1,32.73,23.59,82.83,60.33,7.88,5.84,1554.4,1099.7,31.56,23.34,81.08,66.5,7.39,6.12,2403.9,617.1,18.14,12.72,86.83,90.17,4.61,8.18,Agstat2018
vegetables,Luffa,Low country,2016,Maha,2235.0,23170.0,10.37,76.4,233.5,32.8,21.93,86.67,57.67,8.07,4.97,134.3,295.8,32.2,22.0,81.33,58.0,8.3,5.3,286.6,179.9,19.63,10.73,79.33,85.0,6.57,4.37,AgStat_2017
vegetables,Luffa,Low country,2016,Yala,1717.0,17245.0,10.04,668.2,638.2,33.27,24.98,79.5,59.17,8.55,7.02,983.3,558.2,31.58,24.43,79.0,67.17,7.28,9.3,989.9,312.1,15.97,13.43,90.33,91.83,4.55,12.32,AgStat_2017
vegetables,Luffa,Low country,2017,Annual,4410.0,46188.0,10.47,1507.0,1020.2,32.52,23.16,84.0,62.83,,,1689.0,1067.5,30.96,23.07,82.25,67.33,7.12,5.26,1930.3,708.9,20.12,12.33,80.92,85.08,4.88,8.24,AgStat2019
vegetables,Luffa,Low country,2017,Maha,2966.0,30227.0,10.19,788.8,427.2,31.43,21.6,87.17,62.67,6.37,4.37,850.8,511.4,30.83,21.8,83.83,67.5,7.33,4.26,1652.3,340.6,19.9,11.8,77.5,85.17,4.62,5.23,Agstat2018
vegetables,Luffa,Low country,2017,Yala,1444.0,15961.0,11.05,589.8,605.6,33.72,24.45,80.17,59.0,,,783.6,558.5,31.47,24.2,81.17,68.17,7.1,6.23,636.5,353.5,20.53,13.1,85.0,86.5,4.78,10.47,Agstat2018
vegetables,Luffa,Low country,2018,Annual,4498.0,46124.0,10.25,1624.3,1039.0,31.88,22.97,83.17,65.08,6.9,,2106.9,1005.5,30.78,22.28,82.83,67.33,7.07,5.62,2409.4,624.9,19.46,12.54,81.36,86.73,3.69,9.13,AgStat__vol_17___2020
vegetables,Luffa,Low country,2018,Maha,2924.0,28622.0,9.79,615.3,466.9,31.67,22.07,85.5,64.0,,,594.5,533.0,30.67,21.82,82.33,63.67,7.27,4.1,1122.1,344.5,19.52,12.13,79.83,85.0,4.62,6.48,AgStat2019
vegetables,Luffa,Low country,2018,Yala,1574.0,17502.0,11.12,802.8,604.0,32.62,24.25,79.5,60.83,7.77,,1129.8,512.3,30.85,23.32,82.33,69.17,6.92,6.33,1358.3,282.8,19.38,13.18,86.4,89.6,3.35,12.68,AgStat2019
vegetables,Luffa,Low country,2019,Annual,3523.0,38108.0,10.82,1819.8,1078.2,32.38,23.62,81.83,63.0,7.35,4.31,1678.1,298.6,30.76,22.4,82.08,67.92,7.42,4.92,1712.7,701.1,19.46,12.67,79.67,83.42,3.91,8.11,AgStat_2021
vegetables,Luffa,Low country,2019,Maha,2005.0,22250.0,11.1,759.4,450.7,31.28,21.9,87.67,71.5,7.22,5.5,926.5,502.1,30.93,21.17,84.17,66.67,7.7,4.4,839.9,347.5,19.55,11.82,75.33,82.83,3.88,5.38,AgStat__vol_17___2020
vegetables,Luffa,Low country,2019,Yala,1518.0,15858.0,10.45,622.0,612.7,33.32,24.87,78.17,58.17,7.78,4.36,604.5,,30.68,23.43,80.67,68.5,7.42,6.05,760.1,353.7,19.53,13.63,82.67,82.67,4.3,10.7,AgStat__vol_17___2020
vegetables,Luffa,Low country,2020,Annual,4231.0,45945.0,10.86,1181.1,1045.9,32.18,23.55,82.75,62.58,7.39,4.09,809.0,,31.12,22.92,82.5,67.42,7.39,4.83,1516.8,670.5,19.68,12.7,80.33,83.25,4.31,8.42,AgStat_2022
vegetables,Luffa,Low country,2020,Maha,2332.0,25988.0,11.14,1196.5,470.0,31.55,22.52,83.83,64.83,7.18,3.48,1180.1,,31.2,21.65,83.17,64.83,7.65,3.6,949.9,343.8,19.47,11.68,75.17,83.0,3.25,4.58,AgStat_2021
vegetables,Luffa,Low country,2020,Yala,1899.0,19957.0,10.51,699.4,551.3,32.67,24.58,81.33,62.83,7.37,3.78,434.0,,31.12,23.82,82.5,72.33,6.77,5.43,837.7,314.4,19.48,13.58,85.67,85.17,4.55,10.73,AgStat_2021
vegetables,Luffa,Low country,2021,Annual,3959.0,45217.0,11.42,1416.8,1007.0,31.82,23.49,84.75,66.83,7.13,5.24,2449.6,,30.58,22.67,82.75,69.67,6.92,4.65,2033.8,626.7,,12.72,83.42,87.67,3.93,8.99,AgStat_2022
vegetables,Luffa,Low country,2021,Maha,2179.0,25434.0,11.67,590.1,443.8,30.98,22.47,87.67,70.83,6.55,4.88,471.1,,30.4,22.07,82.67,66.33,7.1,4.13,871.9,319.8,,12.1,78.83,86.0,3.73,7.0,AgStat_2022
vegetables,Luffa,Low country,2021,Yala,1780.0,19783.0,11.12,451.6,590.1,32.78,24.62,80.5,61.5,7.93,6.12,1227.9,,30.73,23.52,82.33,72.5,7.07,5.22,927.3,321.5,,13.27,85.33,87.33,4.02,11.27,AgStat_2022
vegetables,Luffa,Low country,2022,Annual,4026.0,43726.0,10.86,1436.3,959.5,31.7,23.1,85.58,64.75,7.03,5.17,2317.0,,30.52,22.3,83.33,68.75,6.6,4.92,1844.4,638.4,,12.52,87.33,88.92,3.98,9.32,AgStat_2024
vegetables,Luffa,Low country,2023,Annual,4088.0,43269.0,10.58,1758.5,1040.2,32.23,23.45,84.75,65.17,6.94,5.4,2439.3,731.5,31.1,22.39,82.08,68.5,6.89,4.48,2396.4,647.7,20.13,13.15,89.33,90.75,4.29,7.99,AgStat_2025_ver_3_1
vegetables,Luffa,Low country,2023,Maha,2408.0,24852.0,10.32,924.3,402.6,30.65,21.12,89.83,69.0,6.1,4.17,1274.6,,30.03,21.05,84.5,67.67,6.2,3.48,939.2,326.4,19.37,11.97,91.83,93.0,3.9,6.63,AgStat_2024
vegetables,Luffa,Low country,2023,Yala,1680.0,18417.0,10.96,287.5,637.7,33.53,24.98,79.33,58.67,7.95,,905.6,532.3,31.6,23.3,80.0,68.5,7.32,5.65,720.8,364.2,20.43,13.62,88.5,89.17,4.93,10.22,AgStat_2024
vegetables,Luffa,Low country,2024,Annual,3999.0,40746.0,10.19,1549.9,1008.8,32.21,23.91,85.17,64.42,6.9,,2111.4,868.9,31.43,22.56,81.42,66.08,7.09,4.09,2021.0,730.4,20.71,13.28,91.67,91.67,4.77,8.82,AgStat_2025_ver_3_1
vegetables,Luffa,Low country,2024,Maha,2210.0,22225.0,10.06,1322.5,428.7,31.02,22.83,89.0,69.0,6.13,,1504.8,494.2,31.38,21.78,82.67,64.5,7.17,3.15,1857.4,328.8,20.62,12.8,92.0,93.83,4.53,5.68,AgStat_2025_ver_3_1
vegetables,Luffa,Low country,2024,Yala,1789.0,18521.0,10.35,553.2,581.9,33.32,25.2,81.67,63.17,7.4,,974.5,495.3,31.62,23.52,81.17,70.0,6.72,4.95,813.0,345.9,20.87,13.97,91.0,91.0,4.13,11.67,AgStat_2025_ver_3_1
vegetables,Raddish,Up country,2016,Annual,2951.0,56772.0,19.24,1125.1,1088.1,32.73,23.59,82.83,60.33,7.88,5.84,1554.4,1099.7,31.56,23.34,81.08,66.5,7.39,6.12,2403.9,617.1,18.14,12.72,86.83,90.17,4.61,8.18,Agstat2018
vegetables,Raddish,Up country,2016,Maha,1574.0,27237.0,17.3,76.4,233.5,32.8,21.93,86.67,57.67,8.07,4.97,134.3,295.8,32.2,22.0,81.33,58.0,8.3,5.3,286.6,179.9,19.63,10.73,79.33,85.0,6.57,4.37,AgStat_2017
vegetables,Raddish,Up country,2016,Yala,1377.0,29535.0,21.46,668.2,638.2,33.27,24.98,79.5,59.17,8.55,7.02,983.3,558.2,31.58,24.43,79.0,67.17,7.28,9.3,989.9,312.1,15.97,13.43,90.33,91.83,4.55,12.32,AgStat_2017
vegetables,Raddish,Up country,2017,Annual,2850.0,49506.0,17.37,1507.0,1020.2,32.52,23.16,84.0,62.83,,,1689.0,1067.5,30.96,23.07,82.25,67.33,7.12,5.26,1930.3,708.9,20.12,12.33,80.92,85.08,4.88,8.24,AgStat2019
vegetables,Raddish,Up country,2017,Maha,1502.0,22227.0,14.8,788.8,427.2,31.43,21.6,87.17,62.67,6.37,4.37,850.8,511.4,30.83,21.8,83.83,67.5,7.33,4.26,1652.3,340.6,19.9,11.8,77.5,85.17,4.62,5.23,Agstat2018
vegetables,Raddish,Up country,2017,Yala,1348.0,27279.0,20.24,589.8,605.6,33.72,24.45,80.17,59.0,,,783.6,558.5,31.47,24.2,81.17,68.17,7.1,6.23,636.5,353.5,20.53,13.1,85.0,86.5,4.78,10.47,Agstat2018
vegetables,Raddish,Up country,2018,Annual,3057.0,63137.0,20.65,1624.3,1039.0,31.88,22.97,83.17,65.08,6.9,,2106.9,1005.5,30.78,22.28,82.83,67.33,7.07,5.62,2409.4,624.9,19.46,12.54,81.36,86.73,3.69,9.13,AgStat__vol_17___2020
vegetables,Raddish,Up country,2018,Maha,1674.0,31297.0,18.7,615.3,466.9,31.67,22.07,85.5,64.0,,,594.5,533.0,30.67,21.82,82.33,63.67,7.27,4.1,1122.1,344.5,19.52,12.13,79.83,85.0,4.62,6.48,AgStat2019
vegetables,Raddish,Up country,2018,Yala,1383.0,31840.0,23.02,802.8,604.0,32.62,24.25,79.5,60.83,7.77,,1129.8,512.3,30.85,23.32,82.33,69.17,6.92,6.33,1358.3,282.8,19.38,13.18,86.4,89.6,3.35,12.68,AgStat2019
vegetables,Raddish,Up country,2019,Annual,2676.0,44244.0,16.53,1819.8,1078.2,32.38,23.62,81.83,63.0,7.35,4.31,1678.1,298.6,30.76,22.4,82.08,67.92,7.42,4.92,1712.7,701.1,19.46,12.67,79.67,83.42,3.91,8.11,AgStat_2021
vegetables,Raddish,Up country,2019,Maha,1493.0,23144.0,15.5,759.4,450.7,31.28,21.9,87.67,71.5,7.22,5.5,926.5,502.1,30.93,21.17,84.17,66.67,7.7,4.4,839.9,347.5,19.55,11.82,75.33,82.83,3.88,5.38,AgStat__vol_17___2020
vegetables,Raddish,Up country,2019,Yala,1183.0,21100.0,17.84,622.0,612.7,33.32,24.87,78.17,58.17,7.78,4.36,604.5,,30.68,23.43,80.67,68.5,7.42,6.05,760.1,353.7,19.53,13.63,82.67,82.67,4.3,10.7,AgStat__vol_17___2020
vegetables,Raddish,Up country,2020,Annual,2876.0,55773.0,19.39,1181.1,1045.9,32.18,23.55,82.75,62.58,7.39,4.09,809.0,,31.12,22.92,82.5,67.42,7.39,4.83,1516.8,670.5,19.68,12.7,80.33,83.25,4.31,8.42,AgStat_2022
vegetables,Raddish,Up country,2020,Maha,1544.0,30053.0,19.46,1196.5,470.0,31.55,22.52,83.83,64.83,7.18,3.48,1180.1,,31.2,21.65,83.17,64.83,7.65,3.6,949.9,343.8,19.47,11.68,75.17,83.0,3.25,4.58,AgStat_2021
vegetables,Raddish,Up country,2020,Yala,1332.0,25720.0,19.31,699.4,551.3,32.67,24.58,81.33,62.83,7.37,3.78,434.0,,31.12,23.82,82.5,72.33,6.77,5.43,837.7,314.4,19.48,13.58,85.67,85.17,4.55,10.73,AgStat_2021
vegetables,Raddish,Up country,2021,Annual,3028.0,58871.0,19.44,1416.8,1007.0,31.82,23.49,84.75,66.83,7.13,5.24,2449.6,,30.58,22.67,82.75,69.67,6.92,4.65,2033.8,626.7,,12.72,83.42,87.67,3.93,8.99,AgStat_2023
vegetables,Raddish,Up country,2021,Maha,1464.0,29313.0,20.03,590.1,443.8,30.98,22.47,87.67,70.83,6.55,4.88,471.1,,30.4,22.07,82.67,66.33,7.1,4.13,871.9,319.8,,12.1,78.83,86.0,3.73,7.0,AgStat_2022
vegetables,Raddish,Up country,2021,Yala,1564.0,29558.0,18.9,451.6,590.1,32.78,24.62,80.5,61.5,7.93,6.12,1227.9,,30.73,23.52,82.33,72.5,7.07,5.22,927.3,321.5,,13.27,85.33,87.33,4.02,11.27,AgStat_2022
vegetables,Raddish,Up country,2022,Annual,3487.0,68302.0,19.59,1436.3,959.5,31.7,23.1,85.58,64.75,7.03,5.17,2317.0,,30.52,22.3,83.33,68.75,6.6,4.92,1844.4,638.4,,12.52,87.33,88.92,3.98,9.32,AgStat_2024
vegetables,Raddish,Up country,2022,Maha,1512.0,29796.0,19.71,1025.4,405.7,31.2,22.4,89.5,67.67,6.53,4.18,1039.8,,30.65,21.72,83.17,65.17,6.75,4.18,900.4,326.6,,12.07,83.83,85.17,4.67,6.37,AgStat_2023
vegetables,Raddish,Up country,2022,Yala,1975.49,38505.66,19.49,677.1,551.6,32.32,24.23,81.5,62.5,7.7,6.32,1200.1,,30.58,23.3,82.83,71.83,6.75,6.22,1074.9,290.3,,13.2,87.67,90.0,3.57,12.35,AgStat_2023
vegetables,Raddish,Up country,2023,Annual,3141.0,54512.0,17.35,1758.5,1040.2,32.23,23.45,84.75,65.17,6.94,5.4,2439.3,731.5,31.1,22.39,82.08,68.5,6.89,4.48,2396.4,647.7,20.13,13.15,89.33,90.75,4.29,7.99,AgStat_2025_ver_3_1
vegetables,Raddish,Up country,2023,Maha,1479.0,26955.0,18.22,924.3,402.6,30.65,21.12,89.83,69.0,6.1,4.17,1274.6,,30.03,21.05,84.5,67.67,6.2,3.48,939.2,326.4,19.37,11.97,91.83,93.0,3.9,6.63,AgStat_2024
vegetables,Raddish,Up country,2023,Yala,1662.0,27557.0,16.58,287.5,637.7,33.53,24.98,79.33,58.67,7.95,,905.6,532.3,31.6,23.3,80.0,68.5,7.32,5.65,720.8,364.2,20.43,13.62,88.5,89.17,4.93,10.22,AgStat_2024
vegetables,Raddish,Up country,2024,Annual,3031.0,67726.0,22.34,1549.9,1008.8,32.21,23.91,85.17,64.42,6.9,,2111.4,868.9,31.43,22.56,81.42,66.08,7.09,4.09,2021.0,730.4,20.71,13.28,91.67,91.67,4.77,8.82,AgStat_2025_ver_3_1
vegetables,Raddish,Up country,2024,Maha,1368.0,40159.0,29.35,1322.5,428.7,31.02,22.83,89.0,69.0,6.13,,1504.8,494.2,31.38,21.78,82.67,64.5,7.17,3.15,1857.4,328.8,20.62,12.8,92.0,93.83,4.53,5.68,AgStat_2025_ver_3_1
vegetables,Raddish,Up country,2024,Yala,1663.0,27567.0,16.57,553.2,581.9,33.32,25.2,81.67,63.17,7.4,,974.5,495.3,31.62,23.52,81.17,70.0,6.72,4.95,813.0,345.9,20.87,13.97,91.0,91.0,4.13,11.67,AgStat_2025_ver_3_1
vegetables,Red pumpkin,Low country,2016,Annual,6982.0,98303.0,14.08,1125.1,1088.1,32.73,23.59,82.83,60.33,7.88,5.84,1554.4,1099.7,31.56,23.34,81.08,66.5,7.39,6.12,2403.9,617.1,18.14,12.72,86.83,90.17,4.61,8.18,Agstat2018
vegetables,Red pumpkin,Low country,2016,Maha,4399.0,62677.0,14.25,76.4,233.5,32.8,21.93,86.67,57.67,8.07,4.97,134.3,295.8,32.2,22.0,81.33,58.0,8.3,5.3,286.6,179.9,19.63,10.73,79.33,85.0,6.57,4.37,AgStat_2017
vegetables,Red pumpkin,Low country,2016,Yala,2583.0,35626.0,13.8,668.2,638.2,33.27,24.98,79.5,59.17,8.55,7.02,983.3,558.2,31.58,24.43,79.0,67.17,7.28,9.3,989.9,312.1,15.97,13.43,90.33,91.83,4.55,12.32,AgStat_2017
vegetables,Red pumpkin,Low country,2017,Annual,6159.0,82934.0,13.47,1507.0,1020.2,32.52,23.16,84.0,62.83,,,1689.0,1067.5,30.96,23.07,82.25,67.33,7.12,5.26,1930.3,708.9,20.12,12.33,80.92,85.08,4.88,8.24,AgStat2019
vegetables,Red pumpkin,Low country,2017,Maha,3497.0,43913.0,12.56,788.8,427.2,31.43,21.6,87.17,62.67,6.37,4.37,850.8,511.4,30.83,21.8,83.83,67.5,7.33,4.26,1652.3,340.6,19.9,11.8,77.5,85.17,4.62,5.23,Agstat2018
vegetables,Red pumpkin,Low country,2017,Yala,2662.0,39021.0,14.66,589.8,605.6,33.72,24.45,80.17,59.0,,,783.6,558.5,31.47,24.2,81.17,68.17,7.1,6.23,636.5,353.5,20.53,13.1,85.0,86.5,4.78,10.47,Agstat2018
vegetables,Red pumpkin,Low country,2018,Annual,8469.0,123261.0,14.55,1624.3,1039.0,31.88,22.97,83.17,65.08,6.9,,2106.9,1005.5,30.78,22.28,82.83,67.33,7.07,5.62,2409.4,624.9,19.46,12.54,81.36,86.73,3.69,9.13,AgStat__vol_17___2020
vegetables,Red pumpkin,Low country,2018,Maha,5840.0,83350.0,14.27,615.3,466.9,31.67,22.07,85.5,64.0,,,594.5,533.0,30.67,21.82,82.33,63.67,7.27,4.1,1122.1,344.5,19.52,12.13,79.83,85.0,4.62,6.48,AgStat2019
vegetables,Red pumpkin,Low country,2018,Yala,2629.0,39911.0,15.18,802.8,604.0,32.62,24.25,79.5,60.83,7.77,,1129.8,512.3,30.85,23.32,82.33,69.17,6.92,6.33,1358.3,282.8,19.38,13.18,86.4,89.6,3.35,12.68,AgStat2019
vegetables,Red pumpkin,Low country,2019,Annual,6863.0,97473.0,14.2,1819.8,1078.2,32.38,23.62,81.83,63.0,7.35,4.31,1678.1,298.6,30.76,22.4,82.08,67.92,7.42,4.92,1712.7,701.1,19.46,12.67,79.67,83.42,3.91,8.11,AgStat_2021
vegetables,Red pumpkin,Low country,2019,Maha,4299.0,59651.0,13.88,759.4,450.7,31.28,21.9,87.67,71.5,7.22,5.5,926.5,502.1,30.93,21.17,84.17,66.67,7.7,4.4,839.9,347.5,19.55,11.82,75.33,82.83,3.88,5.38,AgStat__vol_17___2020
vegetables,Red pumpkin,Low country,2019,Yala,2564.0,37822.0,14.75,622.0,612.7,33.32,24.87,78.17,58.17,7.78,4.36,604.5,,30.68,23.43,80.67,68.5,7.42,6.05,760.1,353.7,19.53,13.63,82.67,82.67,4.3,10.7,AgStat__vol_17___2020
vegetables,Red pumpkin,Low country,2020,Annual,7741.0,113322.0,14.64,1181.1,1045.9,32.18,23.55,82.75,62.58,7.39,4.09,809.0,,31.12,22.92,82.5,67.42,7.39,4.83,1516.8,670.5,19.68,12.7,80.33,83.25,4.31,8.42,AgStat_2022
vegetables,Red pumpkin,Low country,2020,Maha,4609.0,61961.0,13.44,1196.5,470.0,31.55,22.52,83.83,64.83,7.18,3.48,1180.1,,31.2,21.65,83.17,64.83,7.65,3.6,949.9,343.8,19.47,11.68,75.17,83.0,3.25,4.58,AgStat_2021
vegetables,Red pumpkin,Low country,2020,Yala,3132.0,51361.0,16.4,699.4,551.3,32.67,24.58,81.33,62.83,7.37,3.78,434.0,,31.12,23.82,82.5,72.33,6.77,5.43,837.7,314.4,19.48,13.58,85.67,85.17,4.55,10.73,AgStat_2021
vegetables,Red pumpkin,Low country,2021,Annual,7895.0,110150.0,13.95,1416.8,1007.0,31.82,23.49,84.75,66.83,7.13,5.24,2449.6,,30.58,22.67,82.75,69.67,6.92,4.65,2033.8,626.7,,12.72,83.42,87.67,3.93,8.99,AgStat_2023
vegetables,Red pumpkin,Low country,2021,Maha,4183.0,63032.0,15.07,590.1,443.8,30.98,22.47,87.67,70.83,6.55,4.88,471.1,,30.4,22.07,82.67,66.33,7.1,4.13,871.9,319.8,,12.1,78.83,86.0,3.73,7.0,AgStat_2022
vegetables,Red pumpkin,Low country,2021,Yala,3712.0,47118.0,12.69,451.6,590.1,32.78,24.62,80.5,61.5,7.93,6.12,1227.9,,30.73,23.52,82.33,72.5,7.07,5.22,927.3,321.5,,13.27,85.33,87.33,4.02,11.27,AgStat_2022
vegetables,Red pumpkin,Low country,2022,Annual,6896.0,99714.0,14.46,1436.3,959.5,31.7,23.1,85.58,64.75,7.03,5.17,2317.0,,30.52,22.3,83.33,68.75,6.6,4.92,1844.4,638.4,,12.52,87.33,88.92,3.98,9.32,AgStat_2024
vegetables,Red pumpkin,Low country,2022,Maha,4044.0,55465.0,13.72,1025.4,405.7,31.2,22.4,89.5,67.67,6.53,4.18,1039.8,,30.65,21.72,83.17,65.17,6.75,4.18,900.4,326.6,,12.07,83.83,85.17,4.67,6.37,AgStat_2023
vegetables,Red pumpkin,Low country,2022,Yala,2852.28,44249.37,15.51,677.1,551.6,32.32,24.23,81.5,62.5,7.7,6.32,1200.1,,30.58,23.3,82.83,71.83,6.75,6.22,1074.9,290.3,,13.2,87.67,90.0,3.57,12.35,AgStat_2023
vegetables,Red pumpkin,Low country,2023,Annual,7695.0,100943.0,13.12,1758.5,1040.2,32.23,23.45,84.75,65.17,6.94,5.4,2439.3,731.5,31.1,22.39,82.08,68.5,6.89,4.48,2396.4,647.7,20.13,13.15,89.33,90.75,4.29,7.99,AgStat_2025_ver_3_1
vegetables,Red pumpkin,Low country,2023,Maha,4793.0,59164.0,12.34,924.3,402.6,30.65,21.12,89.83,69.0,6.1,4.17,1274.6,,30.03,21.05,84.5,67.67,6.2,3.48,939.2,326.4,19.37,11.97,91.83,93.0,3.9,6.63,AgStat_2024
vegetables,Red pumpkin,Low country,2023,Yala,2902.0,41779.0,14.4,287.5,637.7,33.53,24.98,79.33,58.67,7.95,,905.6,532.3,31.6,23.3,80.0,68.5,7.32,5.65,720.8,364.2,20.43,13.62,88.5,89.17,4.93,10.22,AgStat_2024
vegetables,Red pumpkin,Low country,2024,Annual,7582.0,89405.0,11.79,1549.9,1008.8,32.21,23.91,85.17,64.42,6.9,,2111.4,868.9,31.43,22.56,81.42,66.08,7.09,4.09,2021.0,730.4,20.71,13.28,91.67,91.67,4.77,8.82,AgStat_2025_ver_3_1
vegetables,Red pumpkin,Low country,2024,Maha,4502.0,46840.0,10.4,1322.5,428.7,31.02,22.83,89.0,69.0,6.13,,1504.8,494.2,31.38,21.78,82.67,64.5,7.17,3.15,1857.4,328.8,20.62,12.8,92.0,93.83,4.53,5.68,AgStat_2025_ver_3_1
vegetables,Red pumpkin,Low country,2024,Yala,3080.0,42565.0,13.82,553.2,581.9,33.32,25.2,81.67,63.17,7.4,,974.5,495.3,31.62,23.52,81.17,70.0,6.72,4.95,813.0,345.9,20.87,13.97,91.0,91.0,4.13,11.67,AgStat_2025_ver_3_1
vegetables,Snake gourd,Low country,2016,Annual,2621.0,31917.0,12.18,1125.1,1088.1,32.73,23.59,82.83,60.33,7.88,5.84,1554.4,1099.7,31.56,23.34,81.08,66.5,7.39,6.12,2403.9,617.1,18.14,12.72,86.83,90.17,4.61,8.18,Agstat2018
vegetables,Snake gourd,Low country,2016,Maha,1419.0,17017.0,11.99,76.4,233.5,32.8,21.93,86.67,57.67,8.07,4.97,134.3,295.8,32.2,22.0,81.33,58.0,8.3,5.3,286.6,179.9,19.63,10.73,79.33,85.0,6.57,4.37,AgStat_2017
vegetables,Snake gourd,Low country,2016,Yala,1202.0,14900.0,12.4,668.2,638.2,33.27,24.98,79.5,59.17,8.55,7.02,983.3,558.2,31.58,24.43,79.0,67.17,7.28,9.3,989.9,312.1,15.97,13.43,90.33,91.83,4.55,12.32,AgStat_2017
vegetables,Snake gourd,Low country,2017,Annual,2335.0,28849.0,12.36,1507.0,1020.2,32.52,23.16,84.0,62.83,,,1689.0,1067.5,30.96,23.07,82.25,67.33,7.12,5.26,1930.3,708.9,20.12,12.33,80.92,85.08,4.88,8.24,AgStat2019
vegetables,Snake gourd,Low country,2017,Maha,1280.0,15488.0,12.1,788.8,427.2,31.43,21.6,87.17,62.67,6.37,4.37,850.8,511.4,30.83,21.8,83.83,67.5,7.33,4.26,1652.3,340.6,19.9,11.8,77.5,85.17,4.62,5.23,Agstat2018
vegetables,Snake gourd,Low country,2017,Yala,1055.0,13361.0,12.66,589.8,605.6,33.72,24.45,80.17,59.0,,,783.6,558.5,31.47,24.2,81.17,68.17,7.1,6.23,636.5,353.5,20.53,13.1,85.0,86.5,4.78,10.47,Agstat2018
vegetables,Snake gourd,Low country,2018,Annual,2696.0,33514.0,12.43,1624.3,1039.0,31.88,22.97,83.17,65.08,6.9,,2106.9,1005.5,30.78,22.28,82.83,67.33,7.07,5.62,2409.4,624.9,19.46,12.54,81.36,86.73,3.69,9.13,AgStat__vol_17___2020
vegetables,Snake gourd,Low country,2018,Maha,1624.0,19833.0,12.21,615.3,466.9,31.67,22.07,85.5,64.0,,,594.5,533.0,30.67,21.82,82.33,63.67,7.27,4.1,1122.1,344.5,19.52,12.13,79.83,85.0,4.62,6.48,AgStat2019
vegetables,Snake gourd,Low country,2018,Yala,1072.0,13681.0,12.76,802.8,604.0,32.62,24.25,79.5,60.83,7.77,,1129.8,512.3,30.85,23.32,82.33,69.17,6.92,6.33,1358.3,282.8,19.38,13.18,86.4,89.6,3.35,12.68,AgStat2019
vegetables,Snake gourd,Low country,2019,Annual,2361.0,29806.0,12.62,1819.8,1078.2,32.38,23.62,81.83,63.0,7.35,4.31,1678.1,298.6,30.76,22.4,82.08,67.92,7.42,4.92,1712.7,701.1,19.46,12.67,79.67,83.42,3.91,8.11,AgStat_2021
vegetables,Snake gourd,Low country,2019,Maha,1257.0,16867.0,13.42,759.4,450.7,31.28,21.9,87.67,71.5,7.22,5.5,926.5,502.1,30.93,21.17,84.17,66.67,7.7,4.4,839.9,347.5,19.55,11.82,75.33,82.83,3.88,5.38,AgStat__vol_17___2020
vegetables,Snake gourd,Low country,2019,Yala,1104.0,12939.0,11.72,622.0,612.7,33.32,24.87,78.17,58.17,7.78,4.36,604.5,,30.68,23.43,80.67,68.5,7.42,6.05,760.1,353.7,19.53,13.63,82.67,82.67,4.3,10.7,AgStat__vol_17___2020
vegetables,Snake gourd,Low country,2020,Annual,2650.0,32868.0,12.4,1181.1,1045.9,32.18,23.55,82.75,62.58,7.39,4.09,809.0,,31.12,22.92,82.5,67.42,7.39,4.83,1516.8,670.5,19.68,12.7,80.33,83.25,4.31,8.42,AgStat_2022
vegetables,Snake gourd,Low country,2020,Maha,1439.0,17962.0,12.48,1196.5,470.0,31.55,22.52,83.83,64.83,7.18,3.48,1180.1,,31.2,21.65,83.17,64.83,7.65,3.6,949.9,343.8,19.47,11.68,75.17,83.0,3.25,4.58,AgStat_2021
vegetables,Snake gourd,Low country,2020,Yala,1211.0,14906.0,12.31,699.4,551.3,32.67,24.58,81.33,62.83,7.37,3.78,434.0,,31.12,23.82,82.5,72.33,6.77,5.43,837.7,314.4,19.48,13.58,85.67,85.17,4.55,10.73,AgStat_2021
vegetables,Snake gourd,Low country,2021,Annual,3096.0,34809.0,11.24,1416.8,1007.0,31.82,23.49,84.75,66.83,7.13,5.24,2449.6,,30.58,22.67,82.75,69.67,6.92,4.65,2033.8,626.7,,12.72,83.42,87.67,3.93,8.99,AgStat_2023
vegetables,Snake gourd,Low country,2021,Maha,1583.0,20582.0,13.01,590.1,443.8,30.98,22.47,87.67,70.83,6.55,4.88,471.1,,30.4,22.07,82.67,66.33,7.1,4.13,871.9,319.8,,12.1,78.83,86.0,3.73,7.0,AgStat_2022
vegetables,Snake gourd,Low country,2021,Yala,1513.0,14227.0,9.41,451.6,590.1,32.78,24.62,80.5,61.5,7.93,6.12,1227.9,,30.73,23.52,82.33,72.5,7.07,5.22,927.3,321.5,,13.27,85.33,87.33,4.02,11.27,AgStat_2022
vegetables,Snake gourd,Low country,2022,Annual,2600.0,31196.0,12.0,1436.3,959.5,31.7,23.1,85.58,64.75,7.03,5.17,2317.0,,30.52,22.3,83.33,68.75,6.6,4.92,1844.4,638.4,,12.52,87.33,88.92,3.98,9.32,AgStat_2024
vegetables,Snake gourd,Low country,2022,Maha,1485.0,17671.0,11.9,1025.4,405.7,31.2,22.4,89.5,67.67,6.53,4.18,1039.8,,30.65,21.72,83.17,65.17,6.75,4.18,900.4,326.6,,12.07,83.83,85.17,4.67,6.37,AgStat_2023
vegetables,Snake gourd,Low country,2022,Yala,1114.97,13524.92,12.13,677.1,551.6,32.32,24.23,81.5,62.5,7.7,6.32,1200.1,,30.58,23.3,82.83,71.83,6.75,6.22,1074.9,290.3,,13.2,87.67,90.0,3.57,12.35,AgStat_2023
vegetables,Snake gourd,Low country,2023,Annual,2438.0,27178.0,11.15,1758.5,1040.2,32.23,23.45,84.75,65.17,6.94,5.4,2439.3,731.5,31.1,22.39,82.08,68.5,6.89,4.48,2396.4,647.7,20.13,13.15,89.33,90.75,4.29,7.99,AgStat_2025_ver_3_1
vegetables,Snake gourd,Low country,2023,Maha,1353.0,14787.0,10.93,924.3,402.6,30.65,21.12,89.83,69.0,6.1,4.17,1274.6,,30.03,21.05,84.5,67.67,6.2,3.48,939.2,326.4,19.37,11.97,91.83,93.0,3.9,6.63,AgStat_2024
vegetables,Snake gourd,Low country,2023,Yala,1086.0,12392.0,11.42,287.5,637.7,33.53,24.98,79.33,58.67,7.95,,905.6,532.3,31.6,23.3,80.0,68.5,7.32,5.65,720.8,364.2,20.43,13.62,88.5,89.17,4.93,10.22,AgStat_2024
vegetables,Snake gourd,Low country,2024,Annual,2601.0,27511.0,10.58,1549.9,1008.8,32.21,23.91,85.17,64.42,6.9,,2111.4,868.9,31.43,22.56,81.42,66.08,7.09,4.09,2021.0,730.4,20.71,13.28,91.67,91.67,4.77,8.82,AgStat_2025_ver_3_1
vegetables,Snake gourd,Low country,2024,Maha,1369.0,14155.0,10.34,1322.5,428.7,31.02,22.83,89.0,69.0,6.13,,1504.8,494.2,31.38,21.78,82.67,64.5,7.17,3.15,1857.4,328.8,20.62,12.8,92.0,93.83,4.53,5.68,AgStat_2025_ver_3_1
vegetables,Snake gourd,Low country,2024,Yala,1232.0,13356.0,10.84,553.2,581.9,33.32,25.2,81.67,63.17,7.4,,974.5,495.3,31.62,23.52,81.17,70.0,6.72,4.95,813.0,345.9,20.87,13.97,91.0,91.0,4.13,11.67,AgStat_2025_ver_3_1
vegetables,Tomato,Up country,2016,Annual,6220.0,92748.0,14.91,1125.1,1088.1,32.73,23.59,82.83,60.33,7.88,5.84,1554.4,1099.7,31.56,23.34,81.08,66.5,7.39,6.12,2403.9,617.1,18.14,12.72,86.83,90.17,4.61,8.18,Agstat2018
vegetables,Tomato,Up country,2016,Maha,3437.0,60462.0,17.59,76.4,233.5,32.8,21.93,86.67,57.67,8.07,4.97,134.3,295.8,32.2,22.0,81.33,58.0,8.3,5.3,286.6,179.9,19.63,10.73,79.33,85.0,6.57,4.37,AgStat_2017
vegetables,Tomato,Up country,2016,Yala,2783.0,32286.0,11.6,668.2,638.2,33.27,24.98,79.5,59.17,8.55,7.02,983.3,558.2,31.58,24.43,79.0,67.17,7.28,9.3,989.9,312.1,15.97,13.43,90.33,91.83,4.55,12.32,AgStat_2017
vegetables,Tomato,Up country,2017,Annual,5329.0,80839.0,15.17,1507.0,1020.2,32.52,23.16,84.0,62.83,,,1689.0,1067.5,30.96,23.07,82.25,67.33,7.12,5.26,1930.3,708.9,20.12,12.33,80.92,85.08,4.88,8.24,AgStat2019
vegetables,Tomato,Up country,2017,Maha,2866.0,37680.0,13.15,788.8,427.2,31.43,21.6,87.17,62.67,6.37,4.37,850.8,511.4,30.83,21.8,83.83,67.5,7.33,4.26,1652.3,340.6,19.9,11.8,77.5,85.17,4.62,5.23,Agstat2018
vegetables,Tomato,Up country,2017,Yala,2463.0,43159.0,17.52,589.8,605.6,33.72,24.45,80.17,59.0,,,783.6,558.5,31.47,24.2,81.17,68.17,7.1,6.23,636.5,353.5,20.53,13.1,85.0,86.5,4.78,10.47,Agstat2018
vegetables,Tomato,Up country,2018,Annual,6712.0,101404.0,15.11,1624.3,1039.0,31.88,22.97,83.17,65.08,6.9,,2106.9,1005.5,30.78,22.28,82.83,67.33,7.07,5.62,2409.4,624.9,19.46,12.54,81.36,86.73,3.69,9.13,AgStat__vol_17___2020
vegetables,Tomato,Up country,2018,Maha,3959.0,51607.0,13.03,615.3,466.9,31.67,22.07,85.5,64.0,,,594.5,533.0,30.67,21.82,82.33,63.67,7.27,4.1,1122.1,344.5,19.52,12.13,79.83,85.0,4.62,6.48,AgStat2019
vegetables,Tomato,Up country,2018,Yala,2753.0,49797.0,18.09,802.8,604.0,32.62,24.25,79.5,60.83,7.77,,1129.8,512.3,30.85,23.32,82.33,69.17,6.92,6.33,1358.3,282.8,19.38,13.18,86.4,89.6,3.35,12.68,AgStat2019
vegetables,Tomato,Up country,2019,Annual,5869.0,77916.0,13.28,1819.8,1078.2,32.38,23.62,81.83,63.0,7.35,4.31,1678.1,298.6,30.76,22.4,82.08,67.92,7.42,4.92,1712.7,701.1,19.46,12.67,79.67,83.42,3.91,8.11,AgStat_2021
vegetables,Tomato,Up country,2019,Maha,3291.0,38771.0,11.78,759.4,450.7,31.28,21.9,87.67,71.5,7.22,5.5,926.5,502.1,30.93,21.17,84.17,66.67,7.7,4.4,839.9,347.5,19.55,11.82,75.33,82.83,3.88,5.38,AgStat__vol_17___2020
vegetables,Tomato,Up country,2019,Yala,2578.0,39145.0,15.18,622.0,612.7,33.32,24.87,78.17,58.17,7.78,4.36,604.5,,30.68,23.43,80.67,68.5,7.42,6.05,760.1,353.7,19.53,13.63,82.67,82.67,4.3,10.7,AgStat__vol_17___2020
vegetables,Tomato,Up country,2020,Annual,6569.0,90507.0,13.78,1181.1,1045.9,32.18,23.55,82.75,62.58,7.39,4.09,809.0,,31.12,22.92,82.5,67.42,7.39,4.83,1516.8,670.5,19.68,12.7,80.33,83.25,4.31,8.42,AgStat_2022
vegetables,Tomato,Up country,2020,Maha,3510.0,42223.0,12.03,1196.5,470.0,31.55,22.52,83.83,64.83,7.18,3.48,1180.1,,31.2,21.65,83.17,64.83,7.65,3.6,949.9,343.8,19.47,11.68,75.17,83.0,3.25,4.58,AgStat_2021
vegetables,Tomato,Up country,2020,Yala,3059.0,48284.0,15.78,699.4,551.3,32.67,24.58,81.33,62.83,7.37,3.78,434.0,,31.12,23.82,82.5,72.33,6.77,5.43,837.7,314.4,19.48,13.58,85.67,85.17,4.55,10.73,AgStat_2021
vegetables,Tomato,Up country,2021,Annual,6231.0,89669.0,14.39,1416.8,1007.0,31.82,23.49,84.75,66.83,7.13,5.24,2449.6,,30.58,22.67,82.75,69.67,6.92,4.65,2033.8,626.7,,12.72,83.42,87.67,3.93,8.99,AgStat_2023
vegetables,Tomato,Up country,2021,Maha,3147.0,37303.0,11.85,590.1,443.8,30.98,22.47,87.67,70.83,6.55,4.88,471.1,,30.4,22.07,82.67,66.33,7.1,4.13,871.9,319.8,,12.1,78.83,86.0,3.73,7.0,AgStat_2022
vegetables,Tomato,Up country,2021,Yala,3084.0,52366.0,16.98,451.6,590.1,32.78,24.62,80.5,61.5,7.93,6.12,1227.9,,30.73,23.52,82.33,72.5,7.07,5.22,927.3,321.5,,13.27,85.33,87.33,4.02,11.27,AgStat_2022
vegetables,Tomato,Up country,2022,Annual,5893.0,88081.0,14.95,1436.3,959.5,31.7,23.1,85.58,64.75,7.03,5.17,2317.0,,30.52,22.3,83.33,68.75,6.6,4.92,1844.4,638.4,,12.52,87.33,88.92,3.98,9.32,AgStat_2024
vegetables,Tomato,Up country,2022,Maha,3032.0,40656.0,13.41,1025.4,405.7,31.2,22.4,89.5,67.67,6.53,4.18,1039.8,,30.65,21.72,83.17,65.17,6.75,4.18,900.4,326.6,,12.07,83.83,85.17,4.67,6.37,AgStat_2023
vegetables,Tomato,Up country,2022,Yala,2860.61,47424.94,16.58,677.1,551.6,32.32,24.23,81.5,62.5,7.7,6.32,1200.1,,30.58,23.3,82.83,71.83,6.75,6.22,1074.9,290.3,,13.2,87.67,90.0,3.57,12.35,AgStat_2023
vegetables,Tomato,Up country,2023,Annual,5558.0,80414.0,14.47,1758.5,1040.2,32.23,23.45,84.75,65.17,6.94,5.4,2439.3,731.5,31.1,22.39,82.08,68.5,6.89,4.48,2396.4,647.7,20.13,13.15,89.33,90.75,4.29,7.99,AgStat_2025_ver_3_1
vegetables,Tomato,Up country,2023,Maha,3194.0,46244.0,14.48,924.3,402.6,30.65,21.12,89.83,69.0,6.1,4.17,1274.6,,30.03,21.05,84.5,67.67,6.2,3.48,939.2,326.4,19.37,11.97,91.83,93.0,3.9,6.63,AgStat_2024
vegetables,Tomato,Up country,2023,Yala,2363.0,34169.0,14.46,287.5,637.7,33.53,24.98,79.33,58.67,7.95,,905.6,532.3,31.6,23.3,80.0,68.5,7.32,5.65,720.8,364.2,20.43,13.62,88.5,89.17,4.93,10.22,AgStat_2024
vegetables,Tomato,Up country,2024,Annual,5514.0,74238.0,13.46,1549.9,1008.8,32.21,23.91,85.17,64.42,6.9,,2111.4,868.9,31.43,22.56,81.42,66.08,7.09,4.09,2021.0,730.4,20.71,13.28,91.67,91.67,4.77,8.82,AgStat_2025_ver_3_1
vegetables,Tomato,Up country,2024,Maha,3008.0,39293.0,13.06,1322.5,428.7,31.02,22.83,89.0,69.0,6.13,,1504.8,494.2,31.38,21.78,82.67,64.5,7.17,3.15,1857.4,328.8,20.62,12.8,92.0,93.83,4.53,5.68,AgStat_2025_ver_3_1
vegetables,Tomato,Up country,2024,Yala,2506.0,34945.0,13.95,553.2,581.9,33.32,25.2,81.67,63.17,7.4,,974.5,495.3,31.62,23.52,81.17,70.0,6.72,4.95,813.0,345.9,20.87,13.97,91.0,91.0,4.13,11.67,AgStat_2025_ver_3_1
